Date,Close,dClose
2006-05-23,37.959999,0.729999
2006-05-24,36.52,-1.439999
2006-05-25,38.32,1.8
2006-05-26,38.549999,0.229999
2006-05-30,38.169998,-0.380001
2006-05-31,38.849998,0.68
2006-06-01,38.529999,-0.319999
2006-06-02,39.130001,0.600002
2006-06-05,38.130001,-1.0
2006-06-06,37.009998,-1.120003
2006-06-07,36.139999,-0.869999
2006-06-08,35.27,-0.869999
2006-06-09,35.07,-0.2
2006-06-12,33.779999,-1.290001
2006-06-13,32.200001,-1.579998
2006-06-14,33.029999,0.829998
2006-06-15,34.939999,1.91
2006-06-16,34.57,-0.369999
2006-06-19,33.599998,-0.970002
2006-06-20,34.34,0.740002
2006-06-21,35.860001,1.520001
2006-06-22,35.639999,-0.220002
2006-06-23,36.279999,0.64
2006-06-26,36.630001,0.350002
2006-06-27,35.48,-1.150001
2006-06-28,35.310001,-0.169999
2006-06-29,37.959999,2.649998
2006-06-30,38.700001,0.740002
2006-07-03,40.23,1.529999
2006-07-05,39.369999,-0.860001
2006-07-06,39.73,0.360001
2006-07-07,39.029999,-0.700001
2006-07-10,38.669998,-0.360001
2006-07-11,39.759998,1.09
2006-07-12,39.490002,-0.269996
2006-07-13,38.330002,-1.16
2006-07-14,38.970001,0.639999
2006-07-17,37.400002,-1.569999
2006-07-18,37.0,-0.400002
2006-07-19,38.439999,1.439999
2006-07-20,36.830002,-1.609997
2006-07-21,35.810001,-1.020001
2006-07-24,36.689999,0.879998
2006-07-25,37.689999,1.0
2006-07-26,38.360001,0.670002
2006-07-27,37.5,-0.860001
2006-07-28,38.779999,1.279999
2006-07-31,38.759998,-0.020001
2006-08-01,39.75,0.990002
2006-08-02,40.66,0.91
2006-08-03,39.91,-0.75
2006-08-04,39.59,-0.32
2006-08-07,40.119999,0.529999
2006-08-08,39.720001,-0.399998
2006-08-09,40.580002,0.860001
2006-08-10,39.75,-0.830002
2006-08-11,38.689999,-1.060001
2006-08-14,38.040001,-0.649998
2006-08-15,38.560001,0.52
2006-08-16,39.189999,0.629998
2006-08-17,38.279999,-0.91
2006-08-18,38.380001,0.100002
2006-08-21,40.290001,1.91
2006-08-22,40.5,0.209999
2006-08-23,40.380001,-0.119999
2006-08-24,39.75,-0.630001
2006-08-25,39.98,0.23
2006-08-28,39.09,-0.89
2006-08-29,39.349998,0.259998
2006-08-30,39.509998,0.16
2006-08-31,40.59,1.080002
2006-09-01,40.889999,0.299999
2006-09-05,42.099998,1.209999
2006-09-06,41.700001,-0.399997
2006-09-07,40.299999,-1.400002
2006-09-08,39.240002,-1.059997
2006-09-11,36.400002,-2.84
2006-09-12,36.07,-0.330002
2006-09-13,36.349998,0.279998
2006-09-14,34.950001,-1.399997
2006-09-15,35.23,0.279999
2006-09-18,36.150002,0.920002
2006-09-19,34.68,-1.470002
2006-09-20,34.360001,-0.319999
2006-09-21,34.799999,0.439998
2006-09-22,34.849998,0.049999
2006-09-25,34.459999,-0.389999
2006-09-26,35.630001,1.170002
2006-09-27,36.389999,0.759998
2006-09-28,35.959999,-0.43
2006-09-29,35.650002,-0.309997
2006-10-02,35.73,0.079998
2006-10-03,33.459999,-2.270001
2006-10-04,33.77,0.310001
2006-10-05,34.509998,0.739998
2006-10-06,34.369999,-0.139999
2006-10-09,34.09,-0.279999
2006-10-10,34.43,0.34
2006-10-11,33.810001,-0.619999
2006-10-12,34.700001,0.89
2006-10-13,35.790001,1.09
2006-10-16,36.060001,0.27
2006-10-17,35.799999,-0.260002
2006-10-18,35.18,-0.619999
2006-10-19,36.34,1.16
2006-10-20,35.740002,-0.599998
2006-10-23,36.080002,0.34
2006-10-24,36.330002,0.25
2006-10-25,37.349998,1.019996
2006-10-26,37.27,-0.079998
2006-10-27,36.84,-0.43
2006-10-30,37.009998,0.169998
2006-10-31,37.959999,0.950001
2006-11-01,38.040001,0.080002
2006-11-02,38.34,0.299999
2006-11-03,38.799999,0.459999
2006-11-06,38.43,-0.369999
2006-11-07,38.549999,0.119999
2006-11-08,38.259998,-0.290001
2006-11-09,39.900002,1.640004
2006-11-10,39.009998,-0.890004
2006-11-13,38.919998,-0.09
2006-11-14,38.400002,-0.519996
2006-11-15,38.880001,0.479999
2006-11-16,37.32,-1.560001
2006-11-17,37.349998,0.029998
2006-11-20,37.32,-0.029998
2006-11-21,38.689999,1.369999
2006-11-22,38.84,0.150001
2006-11-24,39.900002,1.060002
2006-11-27,39.959999,0.059997
2006-11-28,40.400002,0.440003
2006-11-29,40.529999,0.129997
2006-11-30,41.98,1.450001
2006-12-01,41.540001,-0.439999
2006-12-04,42.09,0.549999
2006-12-05,41.580002,-0.509998
2006-12-06,40.91,-0.670002
2006-12-07,41.25,0.34
2006-12-08,40.5,-0.75
2006-12-11,40.830002,0.330002
2006-12-12,40.360001,-0.470001
2006-12-13,40.400002,0.040001
2006-12-14,40.549999,0.149997
2006-12-15,39.759998,-0.790001
2006-12-18,39.32,-0.439998
2006-12-19,40.419998,1.099998
2006-12-20,39.68,-0.739998
2006-12-21,39.0,-0.68
2006-12-22,38.689999,-0.310001
2006-12-26,39.029999,0.34
2006-12-27,39.790001,0.760002
2006-12-28,40.169998,0.379997
2006-12-29,39.91,-0.259998
2007-01-03,38.43,-1.48
2007-01-04,37.720001,-0.709999
2007-01-05,37.209999,-0.510002
2007-01-08,37.299999,0.09
2007-01-09,37.049999,-0.25
2007-01-10,36.610001,-0.439998
2007-01-11,36.93,0.319999
2007-01-12,37.900002,0.970002
2007-01-16,37.52,-0.380002
2007-01-17,37.700001,0.180001
2007-01-18,36.970001,-0.73
2007-01-19,37.529999,0.559998
2007-01-22,37.27,-0.259999
2007-01-23,39.099998,1.829998
2007-01-24,39.560001,0.460003
2007-01-25,39.110001,-0.45
2007-01-26,39.200001,0.09
2007-01-29,38.549999,-0.650002
2007-01-30,38.970001,0.420002
2007-01-31,39.599998,0.629997
2007-02-01,39.849998,0.25
2007-02-02,39.32,-0.529998
2007-02-05,39.48,0.16
2007-02-06,39.73,0.25
2007-02-07,39.310001,-0.419999
2007-02-08,40.259998,0.949997
2007-02-09,40.110001,-0.149997
2007-02-12,39.610001,-0.5
2007-02-13,40.23,0.619999
2007-02-14,40.889999,0.659999
2007-02-15,41.200001,0.310002
2007-02-16,40.939999,-0.260002
2007-02-20,40.080002,-0.859997
2007-02-21,41.57,1.489998
2007-02-22,41.799999,0.229999
2007-02-23,41.830002,0.030003
2007-02-26,42.349998,0.519996
2007-02-27,39.349998,-3.0
2007-02-28,39.990002,0.640004
2007-03-01,39.150002,-0.84
2007-03-02,37.68,-1.470002
2007-03-05,36.919998,-0.760002
2007-03-06,38.080002,1.160004
2007-03-07,38.09,0.009998
2007-03-08,38.349998,0.259998
2007-03-09,38.029999,-0.319999
2007-03-12,38.650002,0.620003
2007-03-13,37.150002,-1.5
2007-03-14,37.360001,0.209999
2007-03-15,38.240002,0.880001
2007-03-16,38.360001,0.119999
2007-03-19,38.849998,0.489997
2007-03-20,39.220001,0.370003
2007-03-21,40.110001,0.89
2007-03-22,39.970001,-0.14
2007-03-23,39.830002,-0.139999
2007-03-26,40.139999,0.309997
2007-03-27,39.450001,-0.689998
2007-03-28,39.639999,0.189998
2007-03-29,39.450001,-0.189998
2007-03-30,39.57,0.119999
2007-04-02,40.150002,0.580002
2007-04-03,40.48,0.329998
2007-04-04,41.189999,0.709999
2007-04-05,41.169998,-0.020001
2007-04-09,41.049999,-0.119999
2007-04-10,41.380001,0.330002
2007-04-11,41.099998,-0.280003
2007-04-12,41.279999,0.180001
2007-04-13,42.349998,1.069999
2007-04-16,42.880001,0.530003
2007-04-17,42.290001,-0.59
2007-04-18,42.09,-0.200001
2007-04-19,41.07,-1.02
2007-04-20,41.470001,0.400001
2007-04-23,41.09,-0.380001
2007-04-24,40.549999,-0.540001
2007-04-25,41.009998,0.459999
2007-04-26,40.060001,-0.949997
2007-04-27,40.34,0.279999
2007-04-30,39.560001,-0.779999
2007-05-01,39.299999,-0.260002
2007-05-02,40.360001,1.060002
2007-05-03,40.709999,0.349998
2007-05-04,40.709999,0.0
2007-05-07,40.98,0.270001
2007-05-08,40.75,-0.23
2007-05-09,40.599998,-0.150002
2007-05-10,39.48,-1.119998
2007-05-11,39.75,0.27
2007-05-14,39.16,-0.59
2007-05-15,39.07,-0.09
2007-05-16,38.439999,-0.630001
2007-05-17,38.259998,-0.180001
2007-05-18,39.009998,0.75
2007-05-21,39.470001,0.460003
2007-05-22,38.860001,-0.61
2007-05-23,39.32,0.459999
2007-05-24,38.09,-1.23
2007-05-25,38.259998,0.169998
2007-05-29,37.950001,-0.309997
2007-05-30,37.990002,0.040001
2007-05-31,39.16,1.169998
2007-06-01,40.060001,0.900001
2007-06-04,40.049999,-0.010002
2007-06-05,39.73,-0.319999
2007-06-06,39.330002,-0.399998
2007-06-07,38.009998,-1.320004
2007-06-08,38.290001,0.280003
2007-06-11,38.23,-0.060001
2007-06-12,37.43,-0.8
2007-06-13,37.990002,0.560002
2007-06-14,38.380001,0.389999
2007-06-15,39.09,0.709999
2007-06-18,38.98,-0.11
2007-06-19,39.470001,0.490001
2007-06-20,38.689999,-0.780002
2007-06-21,39.150002,0.460003
2007-06-22,38.790001,-0.360001
2007-06-25,37.849998,-0.940003
2007-06-26,37.099998,-0.75
2007-06-27,37.400002,0.300004
2007-06-28,37.630001,0.229999
2007-06-29,37.889999,0.259998
2007-07-02,38.84,0.950001
2007-07-03,38.73,-0.11
2007-07-05,39.25,0.52
2007-07-06,40.529999,1.279999
2007-07-09,40.880001,0.350002
2007-07-10,40.66,-0.220001
2007-07-11,40.66,0.0
2007-07-12,41.279999,0.619999
2007-07-13,41.310001,0.030002
2007-07-16,41.060001,-0.25
2007-07-17,40.82,-0.240001
2007-07-18,42.48,1.66
2007-07-19,43.09,0.61
2007-07-20,43.040001,-0.049999
2007-07-23,42.990002,-0.049999
2007-07-24,42.400002,-0.59
2007-07-25,41.720001,-0.680001
2007-07-26,40.299999,-1.420002
2007-07-27,39.02,-1.279999
2007-07-30,40.099998,1.079998
2007-07-31,39.939999,-0.159999
2007-08-01,39.48,-0.459999
2007-08-02,39.810001,0.330001
2007-08-03,39.48,-0.330001
2007-08-06,38.740002,-0.739998
2007-08-07,38.580002,-0.16
2007-08-08,40.130001,1.549999
2007-08-09,39.450001,-0.68
2007-08-10,39.849998,0.399997
2007-08-13,39.130001,-0.719997
2007-08-14,38.049999,-1.080002
2007-08-15,36.450001,-1.599998
2007-08-16,34.490002,-1.959999
2007-08-17,35.220001,0.729999
2007-08-20,35.799999,0.579998
2007-08-21,35.75,-0.049999
2007-08-22,36.880001,1.130001
2007-08-23,36.349998,-0.530003
2007-08-24,37.130001,0.780003
2007-08-27,36.630001,-0.5
2007-08-28,35.709999,-0.920002
2007-08-29,36.959999,1.25
2007-08-30,36.509998,-0.450001
2007-08-31,37.650002,1.140004
2007-09-04,38.66,1.009998
2007-09-05,38.48,-0.18
2007-09-06,40.950001,2.470001
2007-09-07,41.169998,0.219997
2007-09-10,40.939999,-0.229999
2007-09-11,42.049999,1.11
2007-09-12,42.189999,0.14
2007-09-13,42.209999,0.02
2007-09-14,42.169998,-0.040001
2007-09-17,42.150002,-0.019996
2007-09-18,43.599998,1.449996
2007-09-19,44.029999,0.430001
2007-09-20,45.82,1.790001
2007-09-21,45.48,-0.34
2007-09-24,45.099998,-0.380002
2007-09-25,44.59,-0.509998
2007-09-26,43.849998,-0.740002
2007-09-27,44.330002,0.480004
2007-09-28,45.349998,1.019996
2007-10-01,45.82,0.470002
2007-10-02,43.799999,-2.020001
2007-10-03,43.580002,-0.219997
2007-10-04,44.369999,0.789997
2007-10-05,45.59,1.220001
2007-10-08,44.619999,-0.970001
2007-10-09,45.790001,1.170002
2007-10-10,46.68,0.889999
2007-10-11,46.799999,0.119999
2007-10-12,47.790001,0.990002
2007-10-15,48.02,0.229999
2007-10-16,47.290001,-0.729999
2007-10-17,46.459999,-0.830002
2007-10-18,47.400002,0.940003
2007-10-19,46.799999,-0.600003
2007-10-22,45.529999,-1.27
2007-10-23,46.619999,1.09
2007-10-24,47.0,0.380001
2007-10-25,47.450001,0.450001
2007-10-26,48.400002,0.950001
2007-10-29,49.84,1.439998
2007-10-30,48.82,-1.02
2007-10-31,50.599998,1.779998
2007-11-01,48.82,-1.779998
2007-11-02,50.709999,1.889999
2007-11-05,50.439999,-0.27
2007-11-06,52.25,1.810001
2007-11-07,51.529999,-0.720001
2007-11-08,51.400002,-0.129997
2007-11-09,50.310001,-1.090001
2007-11-12,46.689999,-3.620002
2007-11-13,47.580002,0.890003
2007-11-14,48.700001,1.119999
2007-11-15,46.439999,-2.260002
2007-11-16,46.950001,0.510002
2007-11-19,45.450001,-1.5
2007-11-20,47.93,2.479999
2007-11-21,46.82,-1.11
2007-11-23,48.849998,2.029998
2007-11-26,47.060001,-1.789997
2007-11-27,46.610001,-0.45
2007-11-28,47.860001,1.25
2007-11-29,47.02,-0.840001
2007-11-30,46.360001,-0.659999
2007-12-03,46.82,0.459999
2007-12-04,46.200001,-0.619999
2007-12-05,45.919998,-0.280003
2007-12-06,46.779999,0.860001
2007-12-07,46.400002,-0.379997
2007-12-10,47.34,0.939998
2007-12-11,45.93,-1.41
2007-12-12,46.700001,0.770001
2007-12-13,45.049999,-1.650002
2007-12-14,44.310001,-0.739998
2007-12-17,42.549999,-1.760002
2007-12-18,43.419998,0.869999
2007-12-19,43.049999,-0.369999
2007-12-20,42.869999,-0.18
2007-12-21,45.0,2.130001
2007-12-24,44.330002,-0.669998
2007-12-26,45.68,1.349998
2007-12-27,45.380001,-0.299999
2007-12-28,46.630001,1.25
2007-12-31,45.830002,-0.799999
2008-01-02,49.240002,3.41
2008-01-03,50.740002,1.5
2008-01-04,49.900002,-0.84
2008-01-07,49.060001,-0.840001
2008-01-08,50.799999,1.739998
2008-01-09,51.130001,0.330002
2008-01-10,52.02,0.889999
2008-01-11,52.419998,0.399998
2008-01-14,53.32,0.900002
2008-01-15,51.209999,-2.110001
2008-01-16,48.830002,-2.379997
2008-01-17,47.91,-0.920002
2008-01-18,48.34,0.43
2008-01-22,49.5,1.16
2008-01-23,48.189999,-1.310001
2008-01-24,50.349998,2.159999
2008-01-25,50.419998,0.07
2008-01-28,51.209999,0.790001
2008-01-29,50.700001,-0.509998
2008-01-30,51.049999,0.349998
2008-01-31,50.349998,-0.700001
2008-02-01,49.150002,-1.199996
2008-02-04,48.150002,-1.0
2008-02-05,46.75,-1.400002
2008-02-06,46.900002,0.150002
2008-02-07,46.860001,-0.040001
2008-02-08,48.540001,1.68
2008-02-11,48.650002,0.110001
2008-02-12,46.889999,-1.760003
2008-02-13,47.759998,0.869999
2008-02-14,47.490002,-0.269996
2008-02-15,47.75,0.259998
2008-02-19,49.599998,1.849998
2008-02-20,50.950001,1.350003
2008-02-21,50.790001,-0.16
2008-02-22,50.880001,0.09
2008-02-25,50.939999,0.059998
2008-02-26,52.029999,1.09
2008-02-27,53.16,1.130001
2008-02-28,54.380001,1.220001
2008-02-29,53.119999,-1.260002
2008-03-03,54.619999,1.5
2008-03-04,52.75,-1.869999
2008-03-05,54.689999,1.939999
2008-03-06,54.779999,0.09
2008-03-07,53.450001,-1.329998
2008-03-10,51.419998,-2.030003
2008-03-11,53.560001,2.140003
2008-03-12,53.650002,0.090001
2008-03-13,56.049999,2.399997
2008-03-14,56.419998,0.369999
2008-03-17,54.970001,-1.449997
2008-03-18,52.389999,-2.580002
2008-03-19,49.369999,-3.02
2008-03-20,47.779999,-1.59
2008-03-24,46.970001,-0.809998
2008-03-25,49.040001,2.07
2008-03-26,49.900002,0.860001
2008-03-27,49.360001,-0.540001
2008-03-28,49.080002,-0.279999
2008-03-31,47.700001,-1.380001
2008-04-01,46.389999,-1.310002
2008-04-02,48.380001,1.990002
2008-04-03,48.540001,0.16
2008-04-04,48.91,0.369999
2008-04-07,49.150002,0.240002
2008-04-08,48.43,-0.720002
2008-04-09,49.349998,0.919998
2008-04-10,49.029999,-0.319999
2008-04-11,48.220001,-0.809998
2008-04-14,48.0,-0.220001
2008-04-15,49.099998,1.099998
2008-04-16,51.43,2.330002
2008-04-17,50.810001,-0.619999
2008-04-18,49.299999,-1.510002
2008-04-21,48.720001,-0.579998
2008-04-22,48.130001,-0.59
2008-04-23,46.25,-1.880001
2008-04-24,44.310001,-1.939999
2008-04-25,45.330002,1.020001
2008-04-28,44.310001,-1.020001
2008-04-29,42.529999,-1.780002
2008-04-30,43.599998,1.069999
2008-05-01,42.650002,-0.949996
2008-05-02,43.18,0.529998
2008-05-05,44.099998,0.919998
2008-05-06,45.189999,1.090001
2008-05-07,44.490002,-0.699997
2008-05-08,46.080002,1.59
2008-05-09,45.959999,-0.120003
2008-05-12,45.98,0.020001
2008-05-13,45.349998,-0.630002
2008-05-14,44.68,-0.669998
2008-05-15,46.209999,1.529999
2008-05-16,47.32,1.110001
2008-05-19,47.560001,0.240001
2008-05-20,48.720001,1.16
2008-05-21,48.700001,-0.02
2008-05-22,48.18,-0.520001
2008-05-23,47.75,-0.43
2008-05-27,46.439999,-1.310001
2008-05-28,46.959999,0.52
2008-05-29,45.25,-1.709999
2008-05-30,46.02,0.77
2008-06-02,46.41,0.39
2008-06-03,45.450001,-0.959999
2008-06-04,44.68,-0.770001
2008-06-05,45.790001,1.110001
2008-06-06,46.689999,0.899998
2008-06-09,46.650002,-0.039997
2008-06-10,44.209999,-2.440003
2008-06-11,44.110001,-0.099998
2008-06-12,43.18,-0.930001
2008-06-13,43.150002,-0.029998
2008-06-16,43.650002,0.5
2008-06-17,44.040001,0.389999
2008-06-18,44.279999,0.239998
2008-06-19,44.049999,-0.23
2008-06-20,43.84,-0.209999
2008-06-23,44.279999,0.439999
2008-06-24,44.060001,-0.219998
2008-06-25,43.880001,-0.18
2008-06-26,46.419998,2.539997
2008-06-27,48.290001,1.870003
2008-06-30,48.59,0.299999
2008-07-01,49.529999,0.939999
2008-07-02,48.139999,-1.39
2008-07-03,47.07,-1.069999
2008-07-07,46.25,-0.82
2008-07-08,45.549999,-0.700001
2008-07-09,45.360001,-0.189998
2008-07-10,46.669998,1.309997
2008-07-11,48.709999,2.040001
2008-07-14,50.84,2.130001
2008-07-15,49.599998,-1.240002
2008-07-16,48.57,-1.029998
2008-07-17,47.549999,-1.020001
2008-07-18,47.549999,0.0
2008-07-21,48.689999,1.14
2008-07-22,47.0,-1.689999
2008-07-23,44.57,-2.43
2008-07-24,44.009998,-0.560002
2008-07-25,44.259998,0.25
2008-07-28,44.610001,0.350003
2008-07-29,43.669998,-0.940003
2008-07-30,43.189999,-0.479999
2008-07-31,43.48,0.290001
2008-08-01,42.400002,-1.079998
2008-08-04,40.849998,-1.550004
2008-08-05,38.59,-2.259998
2008-08-06,39.209999,0.619999
2008-08-07,38.919998,-0.290001
2008-08-08,36.299999,-2.619999
2008-08-11,34.43,-1.869999
2008-08-12,35.369999,0.939999
2008-08-13,37.549999,2.18
2008-08-14,35.869999,-1.68
2008-08-15,34.459999,-1.41
2008-08-18,35.110001,0.650002
2008-08-19,36.139999,1.029998
2008-08-20,36.18,0.040001
2008-08-21,38.299999,2.119999
2008-08-22,37.490002,-0.809997
2008-08-25,37.049999,-0.440003
2008-08-26,37.02,-0.029999
2008-08-27,37.799999,0.779999
2008-08-28,37.919998,0.119999
2008-08-29,37.639999,-0.279999
2008-09-02,35.25,-2.389999
2008-09-03,33.57,-1.68
2008-09-04,32.18,-1.39
2008-09-05,32.650002,0.470002
2008-09-08,30.940001,-1.710001
2008-09-09,28.1,-2.840001
2008-09-10,29.08,0.98
2008-09-11,28.200001,-0.879999
2008-09-12,31.25,3.049999
2008-09-15,30.33,-0.92
2008-09-16,30.549999,0.219999
2008-09-17,34.099998,3.549999
2008-09-18,34.200001,0.100003
2008-09-19,35.200001,1.0
2008-09-22,38.09,2.889999
2008-09-23,37.18,-0.91
2008-09-24,37.389999,0.209999
2008-09-25,36.400002,-0.989997
2008-09-26,35.830002,-0.57
2008-09-29,34.0,-1.830002
2008-09-30,33.790001,-0.209999
2008-10-01,33.77,-0.020001
2008-10-02,28.950001,-4.819999
2008-10-03,29.049999,0.099998
2008-10-06,27.9,-1.149999
2008-10-07,27.379999,-0.520001
2008-10-08,31.26,3.880001
2008-10-09,30.25,-1.01
2008-10-10,26.34,-3.91
2008-10-13,26.799999,0.459999
2008-10-14,27.389999,0.59
2008-10-15,24.360001,-3.029998
2008-10-16,22.200001,-2.16
2008-10-17,21.690001,-0.51
2008-10-20,24.190001,2.5
2008-10-21,21.889999,-2.300002
2008-10-22,18.49,-3.399999
2008-10-23,17.41,-1.08
2008-10-24,17.799999,0.389999
2008-10-27,16.370001,-1.429998
2008-10-28,18.690001,2.32
2008-10-29,20.860001,2.17
2008-10-30,21.700001,0.84
2008-10-31,20.950001,-0.75
2008-11-03,21.01,0.059999
2008-11-04,23.9,2.89
2008-11-05,23.5,-0.4
2008-11-06,21.93,-1.57
2008-11-07,21.75,-0.18
2008-11-10,23.15,1.4
2008-11-11,21.639999,-1.510001
2008-11-12,19.4,-2.239999
2008-11-13,21.66,2.26
2008-11-14,20.549999,-1.110001
2008-11-17,19.66,-0.889999
2008-11-18,19.559999,-0.100001
2008-11-19,18.610001,-0.949998
2008-11-20,18.200001,-0.41
2008-11-21,23.030001,4.83
2008-11-24,24.629999,1.599998
2008-11-25,25.690001,1.060002
2008-11-26,26.110001,0.42
2008-11-28,26.57,0.459999
2008-12-01,22.5,-4.07
2008-12-02,24.690001,2.190001
2008-12-03,24.059999,-0.630002
2008-12-04,23.42,-0.639999
2008-12-05,23.23,-0.19
2008-12-08,25.26,2.03
2008-12-09,25.41,0.15
2008-12-10,28.129999,2.719999
2008-12-11,28.02,-0.109999
2008-12-12,28.67,0.65
2008-12-15,30.34,1.67
2008-12-16,32.34,2.0
2008-12-17,32.110001,-0.229999
2008-12-18,29.84,-2.270001
2008-12-19,30.58,0.74
2008-12-22,29.83,-0.75
2008-12-23,30.74,0.91
2008-12-24,30.59,-0.15
2008-12-26,32.25,1.66
2008-12-29,33.029999,0.779999
2008-12-30,33.0,-0.029999
2008-12-31,33.880001,0.880001
2009-01-02,33.32,-0.560001
2009-01-05,31.74,-1.58
2009-01-06,32.610001,0.870001
2009-01-07,30.049999,-2.560002
2009-01-08,31.790001,1.740002
2009-01-09,31.309999,-0.480002
2009-01-12,28.950001,-2.359998
2009-01-13,29.52,0.569999
2009-01-14,28.200001,-1.319999
2009-01-15,29.129999,0.929998
2009-01-16,30.93,1.800001
2009-01-20,30.879999,-0.050001
2009-01-21,31.65,0.770001
2009-01-22,31.459999,-0.190001
2009-01-23,34.139999,2.68
2009-01-26,33.970001,-0.169998
2009-01-27,33.470001,-0.5
2009-01-28,32.73,-0.740001
2009-01-29,34.400002,1.670002
2009-01-30,34.23,-0.170002
2009-02-02,32.900002,-1.329998
2009-02-03,33.360001,0.459999
2009-02-04,34.060001,0.7
2009-02-05,34.700001,0.64
2009-02-06,35.419998,0.719997
2009-02-09,34.369999,-1.049999
2009-02-10,34.0,-0.369999
2009-02-11,36.330002,2.330002
2009-02-12,36.48,0.149998
2009-02-13,35.68,-0.8
2009-02-17,37.0,1.32
2009-02-18,37.369999,0.369999
2009-02-19,35.639999,-1.73
2009-02-20,37.029999,1.39
2009-02-23,36.470001,-0.559998
2009-02-24,33.5,-2.970001
2009-02-25,32.900002,-0.599998
2009-02-26,33.5,0.599998
2009-02-27,33.360001,-0.139999
2009-03-02,31.09,-2.270001
2009-03-03,31.68,0.59
2009-03-04,31.4,-0.28
2009-03-05,33.02,1.62
2009-03-06,32.880001,-0.139999
2009-03-09,31.549999,-1.330002
2009-03-10,29.67,-1.879999
2009-03-11,31.34,1.67
2009-03-12,32.68,1.34
2009-03-13,33.080002,0.400002
2009-03-16,32.560001,-0.520001
2009-03-17,31.85,-0.710001
2009-03-18,35.07,3.22
2009-03-19,37.459999,2.389999
2009-03-20,37.549999,0.09
2009-03-23,37.709999,0.16
2009-03-24,36.860001,-0.849998
2009-03-25,38.470001,1.61
2009-03-26,38.57,0.099999
2009-03-27,37.0,-1.57
2009-03-30,36.400002,-0.599998
2009-03-31,36.880001,0.479999
2009-04-01,38.599998,1.719997
2009-04-02,37.099998,-1.5
2009-04-03,34.869999,-2.229999
2009-04-06,33.200001,-1.669998
2009-04-07,33.43,0.229999
2009-04-08,33.529999,0.099999
2009-04-09,33.040001,-0.489998
2009-04-13,33.77,0.729999
2009-04-14,33.689999,-0.080001
2009-04-15,33.889999,0.2
2009-04-16,32.279999,-1.61
2009-04-17,30.969999,-1.31
2009-04-20,32.189999,1.22
2009-04-21,31.4,-0.789999
2009-04-22,31.6,0.2
2009-04-23,32.740002,1.140002
2009-04-24,34.650002,1.91
2009-04-27,34.369999,-0.280003
2009-04-28,33.110001,-1.259998
2009-04-29,33.889999,0.779998
2009-04-30,32.91,-0.979999
2009-05-01,33.040001,0.130001
2009-05-04,35.029999,1.989998
2009-05-05,34.779999,-0.25
2009-05-06,36.860001,2.080002
2009-05-07,36.549999,-0.310002
2009-05-08,37.459999,0.91
2009-05-11,37.310001,-0.149998
2009-05-12,38.959999,1.649998
2009-05-13,37.939999,-1.02
2009-05-14,38.049999,0.11
2009-05-15,37.650002,-0.399997
2009-05-18,37.490002,-0.16
2009-05-19,38.43,0.939998
2009-05-20,40.470001,2.040001
2009-05-21,41.240002,0.770001
2009-05-22,42.049999,0.809997
2009-05-26,41.84,-0.209999
2009-05-27,41.220001,-0.619999
2009-05-28,43.009998,1.789997
2009-05-29,44.16,1.150002
2009-06-01,43.41,-0.75
2009-06-02,44.549999,1.139999
2009-06-03,42.16,-2.389999
2009-06-04,43.509998,1.349998
2009-06-05,41.330002,-2.179996
2009-06-08,41.299999,-0.030003
2009-06-09,41.09,-0.209999
2009-06-10,40.799999,-0.290001
2009-06-11,40.919998,0.119999
2009-06-12,39.540001,-1.379997
2009-06-15,37.970001,-1.57
2009-06-16,38.369999,0.399998
2009-06-17,38.23,-0.139999
2009-06-18,37.200001,-1.029999
2009-06-19,38.389999,1.189998
2009-06-22,35.740002,-2.649997
2009-06-23,37.330002,1.59
2009-06-24,38.490002,1.16
2009-06-25,39.990002,1.5
2009-06-26,39.200001,-0.790001
2009-06-29,39.150002,-0.049999
2009-06-30,37.810001,-1.340001
2009-07-01,39.41,1.599999
2009-07-02,38.310001,-1.099999
2009-07-06,36.939999,-1.370002
2009-07-07,36.509998,-0.430001
2009-07-08,35.189999,-1.319999
2009-07-09,35.310001,0.120002
2009-07-10,35.139999,-0.170002
2009-07-13,35.93,0.790001
2009-07-14,36.759998,0.829998
2009-07-15,38.290001,1.530003
2009-07-16,38.330002,0.040001
2009-07-17,38.639999,0.309997
2009-07-20,40.23,1.590001
2009-07-21,39.740002,-0.489998
2009-07-22,39.77,0.029998
2009-07-23,39.959999,0.189999
2009-07-24,39.900002,-0.059997
2009-07-27,39.849998,-0.050004
2009-07-28,38.349998,-1.5
2009-07-29,37.18,-1.169998
2009-07-30,38.16,0.98
2009-07-31,39.77,1.61
2009-08-03,40.77,1.0
2009-08-04,41.080002,0.310002
2009-08-05,40.950001,-0.130001
2009-08-06,40.849998,-0.100003
2009-08-07,39.98,-0.869998
2009-08-10,39.099998,-0.880002
2009-08-11,38.43,-0.669998
2009-08-12,38.790001,0.360001
2009-08-13,39.880001,1.09
2009-08-14,39.209999,-0.670002
2009-08-17,37.299999,-1.91
2009-08-18,37.869999,0.57
2009-08-19,38.240002,0.370003
2009-08-20,38.610001,0.369999
2009-08-21,39.299999,0.689998
2009-08-24,38.889999,-0.41
2009-08-25,39.240002,0.350003
2009-08-26,38.82,-0.420002
2009-08-27,39.57,0.75
2009-08-28,40.18,0.61
2009-08-31,39.509998,-0.670002
2009-09-01,38.790001,-0.719997
2009-09-02,42.48,3.689999
2009-09-03,44.650002,2.170002
2009-09-04,45.02,0.369998
2009-09-08,45.110001,0.090001
2009-09-09,44.119999,-0.990002
2009-09-10,45.540001,1.420002
2009-09-11,46.09,0.549999
2009-09-14,45.389999,-0.700001
2009-09-15,46.849998,1.459999
2009-09-16,48.0,1.150002
2009-09-17,47.779999,-0.220001
2009-09-18,45.919998,-1.860001
2009-09-21,45.150002,-0.769996
2009-09-22,46.259998,1.109996
2009-09-23,44.84,-1.419998
2009-09-24,43.740002,-1.099998
2009-09-25,43.07,-0.670002
2009-09-28,43.040001,-0.029999
2009-09-29,44.459999,1.419998
2009-09-30,45.290001,0.830002
2009-10-01,43.060001,-2.23
2009-10-02,42.759998,-0.300003
2009-10-05,44.560001,1.800003
2009-10-06,47.599998,3.039997
2009-10-07,47.900002,0.300004
2009-10-08,48.689999,0.789997
2009-10-09,48.290001,-0.399998
2009-10-12,48.279999,-0.010002
2009-10-13,49.189999,0.91
2009-10-14,49.130001,-0.059998
2009-10-15,48.16,-0.970001
2009-10-16,48.380001,0.220001
2009-10-19,48.529999,0.149998
2009-10-20,47.5,-1.029999
2009-10-21,47.389999,-0.110001
2009-10-22,46.990002,-0.399997
2009-10-23,46.689999,-0.300003
2009-10-26,44.689999,-2.0
2009-10-27,44.470001,-0.219998
2009-10-28,41.869999,-2.600002
2009-10-29,43.799999,1.93
2009-10-30,42.369999,-1.43
2009-11-02,42.880001,0.510002
2009-11-03,46.18,3.299999
2009-11-04,46.529999,0.349999
2009-11-05,46.720001,0.190002
2009-11-06,47.619999,0.899998
2009-11-09,49.279999,1.66
2009-11-10,49.66,0.380001
2009-11-11,49.900002,0.240002
2009-11-12,48.439999,-1.460003
2009-11-13,49.779999,1.34
2009-11-16,51.34,1.560001
2009-11-17,51.529999,0.189999
2009-11-18,50.990002,-0.539997
2009-11-19,51.099998,0.109996
2009-11-20,50.82,-0.279998
2009-11-23,51.68,0.86
2009-11-24,51.450001,-0.229999
2009-11-25,52.830002,1.380001
2009-11-27,50.82,-2.010002
2009-11-30,51.110001,0.290001
2009-12-01,53.68,2.569999
2009-12-02,54.779999,1.099999
2009-12-03,53.529999,-1.25
2009-12-04,50.689999,-2.84
2009-12-07,49.759998,-0.930001
2009-12-08,47.75,-2.009998
2009-12-09,48.790001,1.040001
2009-12-10,48.740002,-0.049999
2009-12-11,47.82,-0.920002
2009-12-14,48.470001,0.650001
2009-12-15,47.48,-0.990001
2009-12-16,48.209999,0.729999
2009-12-17,45.200001,-3.009998
2009-12-18,46.290001,1.09
2009-12-21,45.41,-0.880001
2009-12-22,45.509998,0.099998
2009-12-23,46.93,1.420002
2009-12-24,46.959999,0.029999
2009-12-28,46.869999,-0.09
2009-12-29,46.43,-0.439999
2009-12-30,45.869999,-0.560001
2009-12-31,46.209999,0.34
2010-01-04,47.709999,1.5
2010-01-05,48.169998,0.459999
2010-01-06,49.34,1.170002
2010-01-07,49.099998,-0.240002
2010-01-08,49.84,0.740002
2010-01-11,50.169998,0.329998
2010-01-12,48.349998,-1.82
2010-01-13,48.860001,0.510003
2010-01-14,48.599998,-0.260003
2010-01-15,47.419998,-1.18
2010-01-19,47.689999,0.270001
2010-01-20,45.73,-1.959999
2010-01-21,43.75,-1.98
2010-01-22,43.790001,0.040001
2010-01-25,43.189999,-0.600002
2010-01-26,43.130001,-0.059998
2010-01-27,42.77,-0.360001
2010-01-28,42.169998,-0.600002
2010-01-29,40.720001,-1.449997
2010-02-01,42.939999,2.219998
2010-02-02,43.0,0.060001
2010-02-03,42.57,-0.43
2010-02-04,40.240002,-2.329998
2010-02-05,42.41,2.169998
2010-02-08,40.779999,-1.630001
2010-02-09,42.57,1.790001
2010-02-10,42.349998,-0.220002
2010-02-11,43.990002,1.640004
2010-02-12,43.939999,-0.050003
2010-02-16,44.91,0.970001
2010-02-17,44.709999,-0.200001
2010-02-18,45.060001,0.350002
2010-02-19,44.57,-0.490001
2010-02-22,44.09,-0.48
2010-02-23,42.5,-1.59
2010-02-24,42.25,-0.25
2010-02-25,43.450001,1.200001
2010-02-26,43.889999,0.439998
2010-03-01,44.639999,0.75
2010-03-02,45.509998,0.869999
2010-03-03,46.360001,0.850003
2010-03-04,45.580002,-0.779999
2010-03-05,46.43,0.849998
2010-03-08,45.950001,-0.479999
2010-03-09,45.580002,-0.369999
2010-03-10,44.959999,-0.620003
2010-03-11,45.32,0.360001
2010-03-12,44.990002,-0.329998
2010-03-15,44.939999,-0.050003
2010-03-16,46.119999,1.18
2010-03-17,46.27,0.150001
2010-03-18,45.970001,-0.299999
2010-03-19,45.310001,-0.66
2010-03-22,45.139999,-0.170002
2010-03-23,45.279999,0.14
2010-03-24,43.5,-1.779999
2010-03-25,42.91,-0.59
2010-03-26,43.709999,0.799999
2010-03-29,44.330002,0.620003
2010-03-30,43.860001,-0.470001
2010-03-31,44.41,0.549999
2010-04-01,46.400002,1.990002
2010-04-05,46.900002,0.5
2010-04-06,46.810001,-0.090001
2010-04-07,48.18,1.369999
2010-04-08,48.189999,0.009999
2010-04-09,48.68,0.490001
2010-04-12,48.139999,-0.540001
2010-04-13,47.75,-0.389999
2010-04-14,48.09,0.34
2010-04-15,47.57,-0.52
2010-04-16,46.650002,-0.919998
2010-04-19,46.59,-0.060002
2010-04-20,46.459999,-0.130001
2010-04-21,46.98,0.520001
2010-04-22,47.360001,0.380001
2010-04-23,48.209999,0.849998
2010-04-26,48.130001,-0.079998
2010-04-27,48.279999,0.149998
2010-04-28,49.700001,1.420002
2010-04-29,50.310001,0.61
2010-04-30,50.509998,0.199997
2010-05-03,49.880001,-0.629997
2010-05-04,49.66,-0.220001
2010-05-05,49.240002,-0.419998
2010-05-06,49.939999,0.699997
2010-05-07,49.130001,-0.809998
2010-05-10,50.139999,1.009998
2010-05-11,53.599998,3.459999
2010-05-12,53.43,-0.169998
2010-05-13,52.66,-0.77
2010-05-14,53.150002,0.490002
2010-05-17,51.869999,-1.280003
2010-05-18,51.490002,-0.379997
2010-05-19,49.450001,-2.040001
2010-05-20,47.049999,-2.400002
2010-05-21,47.209999,0.16
2010-05-24,47.639999,0.43
2010-05-25,48.939999,1.3
2010-05-26,48.990002,0.050003
2010-05-27,50.18,1.189998
2010-05-28,49.860001,-0.319999
2010-06-01,49.810001,-0.05
2010-06-02,50.669998,0.859997
2010-06-03,49.830002,-0.839996
2010-06-04,48.810001,-1.020001
2010-06-07,50.189999,1.379998
2010-06-08,50.720001,0.530002
2010-06-09,50.200001,-0.52
2010-06-10,50.66,0.459999
2010-06-11,50.790001,0.130001
2010-06-14,49.900002,-0.889999
2010-06-15,51.169998,1.269996
2010-06-16,51.66,0.490002
2010-06-17,52.959999,1.299999
2010-06-18,54.060001,1.100002
2010-06-21,52.52,-1.540001
2010-06-22,52.139999,-0.380001
2010-06-23,52.450001,0.310002
2010-06-24,52.18,-0.270001
2010-06-25,53.880001,1.700001
2010-06-28,53.400002,-0.479999
2010-06-29,51.98,-1.420002
2010-06-30,51.959999,-0.020001
2010-07-01,49.619999,-2.34
2010-07-02,49.580002,-0.039997
2010-07-06,48.91,-0.670002
2010-07-07,49.990002,1.080002
2010-07-08,49.380001,-0.610001
2010-07-09,50.48,1.099999
2010-07-12,50.150002,-0.329998
2010-07-13,50.389999,0.239997
2010-07-14,50.259998,-0.130001
2010-07-15,50.169998,-0.09
2010-07-16,48.540001,-1.629997
2010-07-19,47.529999,-1.010002
2010-07-20,48.549999,1.02
2010-07-21,48.18,-0.369999
2010-07-22,49.16,0.98
2010-07-23,49.209999,0.049999
2010-07-26,48.889999,-0.32
2010-07-27,47.09,-1.799999
2010-07-28,47.389999,0.299999
2010-07-29,47.68,0.290001
2010-07-30,48.220001,0.540001
2010-08-02,48.049999,-0.170002
2010-08-03,48.32,0.270001
2010-08-04,49.619999,1.299999
2010-08-05,49.689999,0.07
2010-08-06,50.169998,0.479999
2010-08-09,50.189999,0.020001
2010-08-10,50.369999,0.18
2010-08-11,49.080002,-1.289997
2010-08-12,50.310001,1.229999
2010-08-13,49.740002,-0.569999
2010-08-16,50.709999,0.969997
2010-08-17,51.290001,0.580002
2010-08-18,52.130001,0.84
2010-08-19,51.73,-0.400001
2010-08-20,51.279999,-0.450001
2010-08-23,50.900002,-0.379997
2010-08-24,50.299999,-0.600003
2010-08-25,52.0,1.700001
2010-08-26,52.73,0.73
2010-08-27,53.34,0.61
2010-08-30,53.119999,-0.220001
2010-08-31,53.610001,0.490002
2010-09-01,52.849998,-0.760003
2010-09-02,53.57,0.720002
2010-09-03,53.689999,0.119999
2010-09-07,53.950001,0.260002
2010-09-08,53.669998,-0.280003
2010-09-09,52.650002,-1.019996
2010-09-10,53.040001,0.389999
2010-09-13,53.0,-0.040001
2010-09-14,54.880001,1.880001
2010-09-15,54.599998,-0.280003
2010-09-16,55.360001,0.760003
2010-09-17,54.779999,-0.580002
2010-09-20,55.34,0.560001
2010-09-21,55.669998,0.329998
2010-09-22,56.369999,0.700001
2010-09-23,55.759998,-0.610001
2010-09-24,55.669998,-0.09
2010-09-27,55.34,-0.329998
2010-09-28,56.66,1.32
2010-09-29,56.509998,-0.150002
2010-09-30,55.93,-0.579998
2010-10-01,56.599998,0.669998
2010-10-04,55.549999,-1.049999
2010-10-05,57.259998,1.709999
2010-10-06,58.119999,0.860001
2010-10-07,56.580002,-1.539997
2010-10-08,57.299999,0.719997
2010-10-11,57.41,0.110001
2010-10-12,57.169998,-0.240002
2010-10-13,58.59,1.420002
2010-10-14,58.189999,-0.400001
2010-10-15,57.41,-0.779999
2010-10-18,57.139999,-0.270001
2010-10-19,54.529999,-2.61
2010-10-20,55.459999,0.93
2010-10-21,54.279999,-1.18
2010-10-22,54.889999,0.61
2010-10-25,55.740002,0.850003
2010-10-26,55.790001,0.049999
2010-10-27,54.68,-1.110001
2010-10-28,56.360001,1.680001
2010-10-29,57.299999,0.939998
2010-11-01,57.23,-0.069999
2010-11-02,57.669998,0.439998
2010-11-03,57.23,-0.439998
2010-11-04,59.990002,2.760002
2010-11-05,60.09,0.099998
2010-11-08,61.77,1.68
2010-11-09,59.669998,-2.100002
2010-11-10,61.330002,1.660004
2010-11-11,61.779999,0.449997
2010-11-12,60.07,-1.709999
2010-11-15,59.470001,-0.599999
2010-11-16,57.66,-1.810001
2010-11-17,58.040001,0.380001
2010-11-18,59.029999,0.989998
2010-11-19,59.279999,0.25
2010-11-22,60.029999,0.75
2010-11-23,59.619999,-0.41
2010-11-24,59.669998,0.049999
2010-11-26,58.610001,-1.059997
2010-11-29,58.869999,0.259998
2010-11-30,59.5,0.630001
2010-12-01,60.279999,0.779999
2010-12-02,61.18,0.900001
2010-12-03,62.709999,1.529999
2010-12-06,63.799999,1.09
2010-12-07,62.380001,-1.419998
2010-12-08,61.200001,-1.18
2010-12-09,61.43,0.229999
2010-12-10,61.66,0.23
2010-12-13,62.220001,0.560001
2010-12-14,62.130001,-0.09
2010-12-15,60.990002,-1.139999
2010-12-16,60.169998,-0.820004
2010-12-17,60.439999,0.270001
2010-12-20,60.57,0.130001
2010-12-21,60.549999,-0.020001
2010-12-22,59.84,-0.709999
2010-12-23,59.889999,0.049999
2010-12-27,59.540001,-0.349998
2010-12-28,61.09,1.549999
2010-12-29,61.310001,0.220001
2010-12-30,60.880001,-0.43
2010-12-31,61.470001,0.59
2011-01-03,60.77,-0.700001
2011-01-04,59.02,-1.75
2011-01-05,58.220001,-0.799999
2011-01-06,56.740002,-1.479999
2011-01-07,56.740002,0.0
2011-01-10,56.889999,0.149997
2011-01-11,58.040001,1.150002
2011-01-12,57.900002,-0.139999
2011-01-13,56.049999,-1.850003
2011-01-14,54.880001,-1.169998
2011-01-18,55.810001,0.93
2011-01-19,55.470001,-0.34
2011-01-20,54.639999,-0.830002
2011-01-21,53.939999,-0.7
2011-01-24,53.43,-0.509999
2011-01-25,53.119999,-0.310001
2011-01-26,55.099998,1.979999
2011-01-27,53.73,-1.369998
2011-01-28,54.200001,0.470001
2011-01-31,53.919998,-0.280003
2011-02-01,55.439999,1.520001
2011-02-02,55.029999,-0.41
2011-02-03,56.52,1.490001
2011-02-04,56.110001,-0.409999
2011-02-07,56.119999,0.009998
2011-02-08,57.349998,1.229999
2011-02-09,56.459999,-0.889999
2011-02-10,55.93,-0.529999
2011-02-11,55.73,-0.2
2011-02-14,56.459999,0.729999
2011-02-15,57.509998,1.049999
2011-02-16,57.740002,0.230004
2011-02-17,58.450001,0.709999
2011-02-18,58.98,0.529999
2011-02-22,58.43,-0.55
2011-02-23,59.610001,1.180001
2011-02-24,57.740002,-1.869999
2011-02-25,58.950001,1.209999
2011-02-28,59.830002,0.880001
2011-03-01,60.799999,0.969997
2011-03-02,60.790001,-0.009998
2011-03-03,59.869999,-0.920002
2011-03-04,60.400002,0.530003
2011-03-07,59.950001,-0.450001
2011-03-08,59.41,-0.540001
2011-03-09,58.939999,-0.470001
2011-03-10,56.830002,-2.109997
2011-03-11,57.82,0.989998
2011-03-14,57.810001,-0.009999
2011-03-15,56.48,-1.330001
2011-03-16,55.240002,-1.239998
2011-03-17,55.720001,0.479999
2011-03-18,56.66,0.939999
2011-03-21,58.02,1.36
2011-03-22,58.169998,0.149998
2011-03-23,60.279999,2.110001
2011-03-24,59.990002,-0.289997
2011-03-25,59.52,-0.470002
2011-03-28,58.48,-1.04
2011-03-29,58.540001,0.060001
2011-03-30,59.639999,1.099998
2011-03-31,60.099998,0.459999
2011-04-01,59.77,-0.329998
2011-04-04,59.75,-0.02
2011-04-05,62.709999,2.959999
2011-04-06,62.77,0.060001
2011-04-07,62.509998,-0.260002
2011-04-08,63.950001,1.440003
2011-04-11,62.099998,-1.850003
2011-04-12,61.110001,-0.989997
2011-04-13,60.860001,-0.25
2011-04-14,61.639999,0.779998
2011-04-15,61.439999,-0.2
2011-04-18,60.830002,-0.609997
2011-04-19,61.639999,0.809997
2011-04-20,62.099998,0.459999
2011-04-21,62.630001,0.530003
2011-04-25,61.240002,-1.389999
2011-04-26,60.220001,-1.020001
2011-04-27,61.610001,1.39
2011-04-28,61.279999,-0.330002
2011-04-29,62.200001,0.920002
2011-05-02,60.119999,-2.080002
2011-05-03,58.220001,-1.899998
2011-05-04,58.34,0.119999
2011-05-05,56.110001,-2.229999
2011-05-06,56.09,-0.020001
2011-05-09,57.209999,1.119999
2011-05-10,56.759998,-0.450001
2011-05-11,54.91,-1.849998
2011-05-12,54.650002,-0.259998
2011-05-13,54.209999,-0.440003
2011-05-16,54.470001,0.260002
2011-05-17,55.009998,0.539997
2011-05-18,55.389999,0.380001
2011-05-19,55.599998,0.209999
2011-05-20,55.759998,0.16
2011-05-23,55.34,-0.419998
2011-05-24,56.610001,1.270001
2011-05-25,57.080002,0.470001
2011-05-26,57.099998,0.019996
2011-05-27,57.919998,0.82
2011-05-31,58.150002,0.230004
2011-06-01,57.07,-1.080002
2011-06-02,56.610001,-0.459999
2011-06-03,56.490002,-0.119999
2011-06-06,54.82,-1.670002
2011-06-07,54.669998,-0.150002
2011-06-08,53.43,-1.239998
2011-06-09,54.369999,0.939999
2011-06-10,53.400002,-0.969997
2011-06-13,52.52,-0.880002
2011-06-14,53.389999,0.869999
2011-06-15,53.060001,-0.329998
2011-06-16,51.779999,-1.280002
2011-06-17,51.970001,0.190002
2011-06-20,52.25,0.279999
2011-06-21,54.009998,1.759998
2011-06-22,54.66,0.650002
2011-06-23,54.009998,-0.650002
2011-06-24,52.580002,-1.429996
2011-06-27,52.52,-0.060002
2011-06-28,53.16,0.64
2011-06-29,54.369999,1.209999
2011-06-30,54.59,0.220001
2011-07-01,53.740002,-0.849998
2011-07-05,55.419998,1.679996
2011-07-06,56.130001,0.710003
2011-07-07,56.25,0.119999
2011-07-08,56.290001,0.040001
2011-07-11,55.619999,-0.670002
2011-07-12,57.369999,1.75
2011-07-13,59.27,1.900001
2011-07-14,58.779999,-0.490001
2011-07-15,59.720001,0.940002
2011-07-18,60.580002,0.860001
2011-07-19,59.68,-0.900002
2011-07-20,60.349998,0.669998
2011-07-21,60.049999,-0.299999
2011-07-22,60.759998,0.709999
2011-07-25,60.279999,-0.479999
2011-07-26,60.290001,0.010002
2011-07-27,58.48,-1.810001
2011-07-28,58.130001,-0.349999
2011-07-29,56.889999,-1.240002
2011-08-01,57.360001,0.470002
2011-08-02,58.450001,1.09
2011-08-03,59.200001,0.75
2011-08-04,55.900002,-3.299999
2011-08-05,55.419998,-0.480004
2011-08-08,55.439999,0.020001
2011-08-09,57.700001,2.260002
2011-08-10,59.299999,1.599998
2011-08-11,59.849998,0.549999
2011-08-12,59.220001,-0.629997
2011-08-15,60.900002,1.680001
2011-08-16,60.279999,-0.620003
2011-08-17,60.740002,0.460003
2011-08-18,59.759998,-0.980004
2011-08-19,61.259998,1.5
2011-08-22,63.700001,2.440003
2011-08-23,61.490002,-2.209999
2011-08-24,59.959999,-1.530003
2011-08-25,61.07,1.110001
2011-08-26,62.48,1.41
2011-08-29,61.950001,-0.529999
2011-08-30,63.0,1.049999
2011-08-31,62.799999,-0.200001
2011-09-01,63.380001,0.580002
2011-09-02,64.910004,1.530003
2011-09-06,65.339996,0.429992
2011-09-07,65.43,0.090004
2011-09-08,66.629997,1.199997
2011-09-09,65.800003,-0.829994
2011-09-12,63.900002,-1.900001
2011-09-13,64.389999,0.489997
2011-09-14,63.169998,-1.220001
2011-09-15,62.799999,-0.369999
2011-09-16,64.110001,1.310002
2011-09-19,63.48,-0.630001
2011-09-20,65.629997,2.149997
2011-09-21,64.279999,-1.349998
2011-09-22,59.299999,-4.98
2011-09-23,56.41,-2.889999
2011-09-26,57.34,0.93
2011-09-27,57.07,-0.27
2011-09-28,54.540001,-2.529999
2011-09-29,55.029999,0.489998
2011-09-30,55.189999,0.16
2011-10-03,54.450001,-0.739998
2011-10-04,52.5,-1.950001
2011-10-05,54.889999,2.389999
2011-10-06,56.27,1.380001
2011-10-07,54.880001,-1.389999
2011-10-10,56.84,1.959999
2011-10-11,56.91,0.07
2011-10-12,57.389999,0.479999
2011-10-13,56.279999,-1.11
2011-10-14,57.959999,1.68
2011-10-17,56.59,-1.369999
2011-10-18,56.970001,0.380001
2011-10-19,53.549999,-3.420002
2011-10-20,53.130001,-0.419998
2011-10-21,53.98,0.849999
2011-10-24,56.029999,2.049999
2011-10-25,57.450001,1.420002
2011-10-26,57.970001,0.52
2011-10-27,59.110001,1.14
2011-10-28,60.48,1.369999
2011-10-31,58.830002,-1.649998
2011-11-01,58.509998,-0.320004
2011-11-02,59.959999,1.450001
2011-11-03,61.830002,1.870003
2011-11-04,61.299999,-0.530003
2011-11-07,63.299999,2.0
2011-11-08,62.5,-0.799999
2011-11-09,60.689999,-1.810001
2011-11-10,60.169998,-0.520001
2011-11-11,62.310001,2.140003
2011-11-14,61.169998,-1.140003
2011-11-15,61.330002,0.160004
2011-11-16,60.310001,-1.020001
2011-11-17,57.869999,-2.440002
2011-11-18,57.060001,-0.809998
2011-11-21,56.200001,-0.86
2011-11-22,57.040001,0.84
2011-11-23,55.490002,-1.549999
2011-11-25,54.790001,-0.700001
2011-11-28,56.200001,1.41
2011-11-29,56.459999,0.259998
2011-11-30,60.41,3.950001
2011-12-01,60.299999,-0.110001
2011-12-02,58.25,-2.049999
2011-12-05,57.860001,-0.389999
2011-12-06,59.02,1.159999
2011-12-07,58.959999,-0.060001
2011-12-08,57.259998,-1.700001
2011-12-09,57.830002,0.570004
2011-12-12,55.799999,-2.030003
2011-12-13,54.040001,-1.759998
2011-12-14,52.380001,-1.66
2011-12-15,51.68,-0.700001
2011-12-16,52.68,1.0
2011-12-19,51.169998,-1.510002
2011-12-20,52.990002,1.820004
2011-12-21,52.959999,-0.030003
2011-12-22,52.400002,-0.559997
2011-12-23,52.790001,0.389999
2011-12-27,51.869999,-0.920002
2011-12-28,50.060001,-1.809998
2011-12-29,51.200001,1.14
2011-12-30,51.43,0.229999
2012-01-03,53.799999,2.369999
2012-01-04,53.740002,-0.059997
2012-01-05,53.900002,0.16
2012-01-06,53.349998,-0.550004
2012-01-09,53.650002,0.300004
2012-01-10,54.470001,0.819999
2012-01-11,54.310001,-0.16
2012-01-12,54.720001,0.41
2012-01-13,54.049999,-0.670002
2012-01-17,53.18,-0.869999
2012-01-18,53.240002,0.060002
2012-01-19,52.150002,-1.09
2012-01-20,52.18,0.029998
2012-01-23,53.009998,0.829998
2012-01-24,51.82,-1.189998
2012-01-25,55.23,3.41
2012-01-26,55.759998,0.529998
2012-01-27,57.139999,1.380001
2012-01-30,56.459999,-0.68
2012-01-31,56.459999,0.0
2012-02-01,56.560001,0.100002
2012-02-02,57.470001,0.91
2012-02-03,56.439999,-1.030002
2012-02-06,56.18,-0.259999
2012-02-07,55.880001,-0.299999
2012-02-08,55.540001,-0.34
2012-02-09,55.25,-0.290001
2012-02-10,54.490002,-0.759998
2012-02-13,54.299999,-0.190003
2012-02-14,53.77,-0.529999
2012-02-15,53.560001,-0.209999
2012-02-16,54.950001,1.39
2012-02-17,54.150002,-0.799999
2012-02-21,55.82,1.669998
2012-02-22,56.830002,1.010002
2012-02-23,57.259998,0.429996
2012-02-24,56.459999,-0.799999
2012-02-27,56.060001,-0.399998
2012-02-28,57.330002,1.270001
2012-02-29,55.400002,-1.93
2012-03-01,55.889999,0.489997
2012-03-02,54.790001,-1.099998
2012-03-05,53.619999,-1.170002
2012-03-06,52.470001,-1.149998
2012-03-07,52.669998,0.199997
2012-03-08,53.32,0.650002
2012-03-09,53.240002,-0.079998
2012-03-12,52.369999,-0.870003
2012-03-13,52.110001,-0.259998
2012-03-14,50.119999,-1.990002
2012-03-15,50.139999,0.02
2012-03-16,49.93,-0.209999
2012-03-19,49.599998,-0.330002
2012-03-20,49.860001,0.260003
2012-03-21,49.759998,-0.100003
2012-03-22,48.75,-1.009998
2012-03-23,49.759998,1.009998
2012-03-26,50.630001,0.870003
2012-03-27,49.91,-0.720001
2012-03-28,48.93,-0.98
2012-03-29,49.060001,0.130001
2012-03-30,49.540001,0.48
2012-04-02,50.389999,0.849998
2012-04-03,48.75,-1.639999
2012-04-04,46.709999,-2.040001
2012-04-05,46.200001,-0.509998
2012-04-09,46.48,0.279999
2012-04-10,47.040001,0.560001
2012-04-11,46.490002,-0.549999
2012-04-12,48.150002,1.66
2012-04-13,47.5,-0.650002
2012-04-16,46.639999,-0.860001
2012-04-17,47.110001,0.470002
2012-04-18,46.630001,-0.48
2012-04-19,46.610001,-0.02
2012-04-20,46.119999,-0.490002
2012-04-23,45.040001,-1.079998
2012-04-24,45.139999,0.099998
2012-04-25,46.290001,1.150002
2012-04-26,46.25,-0.040001
2012-04-27,46.799999,0.549999
2012-04-30,46.389999,-0.41
2012-05-01,46.439999,0.05
2012-05-02,45.66,-0.779999
2012-05-03,43.880001,-1.779999
2012-05-04,44.049999,0.169998
2012-05-07,43.669998,-0.380001
2012-05-08,42.169998,-1.5
2012-05-09,43.02,0.850002
2012-05-10,43.09,0.07
2012-05-11,42.419998,-0.670002
2012-05-14,40.970001,-1.449997
2012-05-15,39.34,-1.630001
2012-05-16,39.560001,0.220001
2012-05-17,41.34,1.779999
2012-05-18,41.619999,0.279999
2012-05-21,43.009998,1.389999
2012-05-22,42.540001,-0.469997
2012-05-23,44.439999,1.899998
2012-05-24,44.630001,0.190002
2012-05-25,44.91,0.279999
2012-05-29,44.09,-0.82
2012-05-30,44.240002,0.150002
2012-05-31,43.779999,-0.460003
2012-06-01,46.580002,2.800003
2012-06-04,47.330002,0.75
2012-06-05,47.529999,0.199997
2012-06-06,47.619999,0.09
2012-06-07,45.990002,-1.629997
2012-06-08,46.330002,0.34
2012-06-11,45.66,-0.670002
2012-06-12,46.759998,1.099998
2012-06-13,46.790001,0.030003
2012-06-14,46.93,0.139999
2012-06-15,46.919998,-0.010002
2012-06-18,47.73,0.810002
2012-06-19,47.68,-0.05
2012-06-20,47.27,-0.41
2012-06-21,44.82,-2.45
2012-06-22,44.580002,-0.239998
2012-06-25,45.16,0.579998
2012-06-26,44.450001,-0.709999
2012-06-27,44.279999,-0.170002
2012-06-28,43.310001,-0.969998
2012-06-29,44.77,1.459999
2012-07-02,44.759998,-0.010002
2012-07-03,46.450001,1.690003
2012-07-05,45.77,-0.680001
2012-07-06,44.43,-1.34
2012-07-09,44.25,-0.18
2012-07-10,42.869999,-1.380001
2012-07-11,41.970001,-0.899998
2012-07-12,41.709999,-0.260002
2012-07-13,42.310001,0.600002
2012-07-16,42.16,-0.150001
2012-07-17,41.700001,-0.459999
2012-07-18,41.119999,-0.580002
2012-07-19,41.59,0.470001
2012-07-20,41.720001,0.130001
2012-07-23,40.700001,-1.02
2012-07-24,40.720001,0.02
2012-07-25,41.959999,1.239998
2012-07-26,42.830002,0.870003
2012-07-27,43.130001,0.299999
2012-07-30,43.720001,0.59
2012-07-31,42.830002,-0.889999
2012-08-01,42.25,-0.580002
2012-08-02,42.040001,-0.209999
2012-08-03,42.860001,0.82
2012-08-06,43.73,0.869999
2012-08-07,44.23,0.5
2012-08-08,43.990002,-0.239998
2012-08-09,44.560001,0.569999
2012-08-10,44.849998,0.289997
2012-08-13,44.240002,-0.609996
2012-08-14,43.93,-0.310002
2012-08-15,44.150002,0.220002
2012-08-16,45.650002,1.5
2012-08-17,45.34,-0.310002
2012-08-20,45.619999,0.279999
2012-08-21,46.380001,0.760002
2012-08-22,47.5,1.119999
2012-08-23,47.419998,-0.080002
2012-08-24,47.57,0.150002
2012-08-27,46.900002,-0.669998
2012-08-28,46.849998,-0.050004
2012-08-29,46.389999,-0.459999
2012-08-30,46.02,-0.369999
2012-08-31,47.939999,1.919999
2012-09-04,47.77,-0.169999
2012-09-05,47.93,0.16
2012-09-06,49.130001,1.200001
2012-09-07,50.459999,1.329998
2012-09-10,49.48,-0.979999
2012-09-11,49.810001,0.330001
2012-09-12,50.009998,0.199997
2012-09-13,52.52,2.510002
2012-09-14,53.860001,1.340001
2012-09-17,53.889999,0.029998
2012-09-18,54.32,0.430001
2012-09-19,54.790001,0.470001
2012-09-20,54.360001,-0.43
2012-09-21,54.810001,0.45
2012-09-24,52.959999,-1.850002
2012-09-25,52.169998,-0.790001
2012-09-26,52.400002,0.230004
2012-09-27,53.889999,1.489997
2012-09-28,53.689999,-0.2
2012-10-01,53.93,0.240001
2012-10-02,53.59,-0.34
2012-10-03,52.720001,-0.869999
2012-10-04,54.25,1.529999
2012-10-05,53.650002,-0.599998
2012-10-08,53.23,-0.420002
2012-10-09,52.080002,-1.149998
2012-10-10,52.48,0.399998
2012-10-11,52.490002,0.010002
2012-10-12,51.66,-0.830002
2012-10-15,51.639999,-0.020001
2012-10-16,52.669998,1.029999
2012-10-17,53.110001,0.440003
2012-10-18,51.52,-1.590001
2012-10-19,51.73,0.21
2012-10-22,52.43,0.7
2012-10-23,50.959999,-1.470001
2012-10-24,50.060001,-0.899998
2012-10-25,51.59,1.529999
2012-10-26,51.240002,-0.349998
2012-10-31,52.900002,1.66
2012-11-01,52.009998,-0.890004
2012-11-02,49.759998,-2.25
2012-11-05,49.389999,-0.369999
2012-11-06,50.34,0.950001
2012-11-07,51.07,0.73
2012-11-08,51.41,0.34
2012-11-09,50.669998,-0.740002
2012-11-12,50.040001,-0.629997
2012-11-13,49.48,-0.560001
2012-11-14,47.220001,-2.259999
2012-11-15,45.970001,-1.25
2012-11-16,46.470001,0.5
2012-11-19,47.77,1.299999
2012-11-20,47.360001,-0.409999
2012-11-21,48.080002,0.720001
2012-11-23,48.740002,0.66
2012-11-26,48.75,0.009998
2012-11-27,47.459999,-1.290001
2012-11-28,47.900002,0.440003
2012-11-29,48.040001,0.139999
2012-11-30,47.549999,-0.490002
2012-12-03,46.48,-1.069999
2012-12-04,46.650002,0.170002
2012-12-05,45.349998,-1.300004
2012-12-06,45.549999,0.200001
2012-12-07,45.93,0.380001
2012-12-10,46.52,0.59
2012-12-11,46.279999,-0.240001
2012-12-12,47.630001,1.350002
2012-12-13,46.34,-1.290001
2012-12-14,46.48,0.14
2012-12-17,46.509998,0.029998
2012-12-18,45.75,-0.759998
2012-12-19,45.360001,-0.389999
2012-12-20,45.07,-0.290001
2012-12-21,45.18,0.11
2012-12-24,44.849998,-0.330002
2012-12-26,45.150002,0.300004
2012-12-27,45.439999,0.289997
2012-12-28,44.93,-0.509999
2012-12-31,46.389999,1.459999
2013-01-02,47.099998,0.709999
2013-01-03,45.139999,-1.959999
2013-01-04,45.330002,0.190003
2013-01-07,44.48,-0.850002
2013-01-08,44.650002,0.170002
2013-01-09,44.360001,-0.290001
2013-01-10,45.41,1.049999
2013-01-11,45.400002,-0.009998
2013-01-14,45.23,-0.170002
2013-01-15,45.59,0.36
2013-01-16,45.209999,-0.380001
2013-01-17,45.0,-0.209999
2013-01-18,45.110001,0.110001
2013-01-22,45.82,0.709999
2013-01-23,44.560001,-1.259999
2013-01-24,43.23,-1.330001
2013-01-25,41.919998,-1.310002
2013-01-28,41.48,-0.439998
2013-01-29,42.25,0.77
2013-01-30,41.959999,-0.290001
2013-01-31,41.619999,-0.34
2013-02-01,42.220001,0.600002
2013-02-04,42.34,0.119999
2013-02-05,42.259998,-0.080002
2013-02-06,42.540001,0.280003
2013-02-07,42.599998,0.059997
2013-02-08,42.32,-0.279998
2013-02-11,41.470001,-0.849999
2013-02-12,41.919998,0.449997
2013-02-13,41.200001,-0.719997
2013-02-14,41.360001,0.16
2013-02-15,39.889999,-1.470002
2013-02-19,39.369999,-0.52
2013-02-20,37.450001,-1.919998
2013-02-21,38.119999,0.669998
2013-02-22,37.93,-0.189999
2013-02-25,38.57,0.64
2013-02-26,39.049999,0.479999
2013-02-27,38.259998,-0.790001
2013-02-28,37.400002,-0.859996
2013-03-01,37.110001,-0.290001
2013-03-04,35.91,-1.200001
2013-03-05,35.93,0.02
2013-03-06,37.439999,1.509999
2013-03-07,36.91,-0.529999
2013-03-08,37.110001,0.200001
2013-03-11,36.959999,-0.150002
2013-03-12,37.880001,0.920002
2013-03-13,36.869999,-1.010002
2013-03-14,37.25,0.380001
2013-03-15,37.34,0.09
2013-03-18,37.48,0.14
2013-03-19,37.580002,0.100002
2013-03-20,37.450001,-0.130001
2013-03-21,38.43,0.979999
2013-03-22,38.16,-0.27
2013-03-25,37.669998,-0.490002
2013-03-26,37.380001,-0.289997
2013-03-27,38.0,0.619999
2013-03-28,37.849998,-0.150002
2013-04-01,37.450001,-0.399997
2013-04-02,35.880001,-1.57
2013-04-03,34.25,-1.630001
2013-04-04,35.220001,0.970001
2013-04-05,35.060001,-0.16
2013-04-08,34.650002,-0.409999
2013-04-09,36.029999,1.379997
2013-04-10,34.650002,-1.379997
2013-04-11,34.18,-0.470002
2013-04-12,32.220001,-1.959999
2013-04-15,29.02,-3.200001
2013-04-16,28.82,-0.2
2013-04-17,27.379999,-1.440001
2013-04-18,28.219999,0.84
2013-04-19,28.59,0.370001
2013-04-22,28.969999,0.379999
2013-04-23,28.32,-0.649999
2013-04-24,30.23,1.91
2013-04-25,30.58,0.35
2013-04-26,29.459999,-1.120001
2013-04-29,29.91,0.450001
2013-04-30,30.360001,0.450001
2013-05-01,29.65,-0.710001
2013-05-02,29.629999,-0.020001
2013-05-03,29.690001,0.060002
2013-05-06,29.73,0.039999
2013-05-07,28.85,-0.88
2013-05-08,30.440001,1.590001
2013-05-09,29.85,-0.590001
2013-05-10,29.809999,-0.040001
2013-05-13,29.030001,-0.779998
2013-05-14,28.709999,-0.320002
2013-05-15,27.4,-1.309999
2013-05-16,27.48,0.08
2013-05-17,26.379999,-1.100001
2013-05-20,28.02,1.640001
2013-05-21,27.32,-0.7
2013-05-22,27.67,0.35
2013-05-23,27.870001,0.200001
2013-05-24,27.5,-0.370001
2013-05-28,27.219999,-0.280001
2013-05-29,28.5,1.280001
2013-05-30,30.059999,1.559999
2013-05-31,29.5,-0.559999
2013-06-03,30.360001,0.860001
2013-06-04,29.84,-0.520001
2013-06-05,29.93,0.09
2013-06-06,30.299999,0.369999
2013-06-07,28.99,-1.309999
2013-06-10,29.09,0.1
2013-06-11,28.129999,-0.960001
2013-06-12,28.35,0.220001
2013-06-13,28.629999,0.279999
2013-06-14,28.120001,-0.509998
2013-06-17,28.190001,0.07
2013-06-18,27.379999,-0.810002
2013-06-19,26.51,-0.869999
2013-06-20,24.549999,-1.960001
2013-06-21,24.9,0.350001
2013-06-24,23.75,-1.15
2013-06-25,23.66,-0.09
2013-06-26,22.219999,-1.440001
2013-06-27,22.790001,0.570002
2013-06-28,24.49,1.699999
2013-07-01,24.889999,0.399999
2013-07-02,23.75,-1.139999
2013-07-03,24.18,0.43
2013-07-05,23.42,-0.76
2013-07-08,22.9,-0.52
2013-07-09,23.219999,0.319999
2013-07-10,23.190001,-0.029998
2013-07-11,24.969999,1.779998
2013-07-12,24.370001,-0.599998
2013-07-15,24.290001,-0.08
2013-07-16,25.65,1.359999
2013-07-17,24.879999,-0.770001
2013-07-18,24.780001,-0.099998
2013-07-19,25.860001,1.08
2013-07-22,27.440001,1.58
2013-07-23,28.35,0.909999
2013-07-24,26.950001,-1.399999
2013-07-25,27.209999,0.259998
2013-07-26,27.58,0.370001
2013-07-29,27.23,-0.35
2013-07-30,27.059999,-0.170001
2013-07-31,26.99,-0.069999
2013-08-01,26.17,-0.82
2013-08-02,25.59,-0.58
2013-08-05,25.43,-0.16
2013-08-06,24.030001,-1.399999
2013-08-07,23.940001,-0.09
2013-08-08,26.0,2.059999
2013-08-09,26.469999,0.469999
2013-08-12,28.01,1.540001
2013-08-13,27.190001,-0.819999
2013-08-14,28.700001,1.51
2013-08-15,30.43,1.729999
2013-08-16,29.790001,-0.639999
2013-08-19,29.23,-0.560001
2013-08-20,30.33,1.1
2013-08-21,28.93,-1.4
2013-08-22,29.370001,0.440001
2013-08-23,30.139999,0.769998
2013-08-26,30.41,0.270001
2013-08-27,29.1,-1.31
2013-08-28,28.299999,-0.800001
2013-08-29,28.540001,0.240002
2013-08-30,28.129999,-0.410002
2013-09-03,28.4,0.270001
2013-09-04,28.58,0.18
2013-09-05,27.530001,-1.049999
2013-09-06,28.01,0.479999
2013-09-09,27.65,-0.36
2013-09-10,26.57,-1.08
2013-09-11,26.790001,0.220001
2013-09-12,25.290001,-1.5
2013-09-13,25.629999,0.339998
2013-09-16,25.389999,-0.24
2013-09-17,25.93,0.540001
2013-09-18,28.25,2.32
2013-09-19,27.360001,-0.889999
2013-09-20,25.76,-1.600001
2013-09-23,25.17,-0.59
2013-09-24,25.08,-0.09
2013-09-25,25.52,0.44
2013-09-26,25.110001,-0.409999
2013-09-27,25.17,0.059999
2013-09-30,25.02,-0.15
2013-10-01,24.41,-0.61
2013-10-02,24.49,0.08
2013-10-03,24.26,-0.23
2013-10-04,24.190001,-0.069999
2013-10-07,24.59,0.399999
2013-10-08,23.82,-0.77
2013-10-09,23.92,0.1
2013-10-10,23.559999,-0.360001
2013-10-11,23.049999,-0.51
2013-10-14,23.110001,0.060002
2013-10-15,23.76,0.649999
2013-10-16,23.280001,-0.479999
2013-10-17,24.5,1.219999
2013-10-18,24.379999,-0.120001
2013-10-21,24.93,0.550001
2013-10-22,26.02,1.09
2013-10-23,25.18,-0.84
2013-10-24,26.129999,0.949999
2013-10-25,26.32,0.190001
2013-10-28,26.540001,0.220001
2013-10-29,25.780001,-0.76
2013-10-30,26.23,0.449999
2013-10-31,25.1,-1.13
2013-11-01,24.08,-1.02
2013-11-04,24.809999,0.729999
2013-11-05,24.49,-0.319999
2013-11-06,24.790001,0.300001
2013-11-07,24.139999,-0.650002
2013-11-08,24.280001,0.140002
2013-11-11,24.299999,0.019998
2013-11-12,23.780001,-0.519998
2013-11-13,23.91,0.129999
2013-11-14,24.549999,0.639999
2013-11-15,24.129999,-0.42
2013-11-18,23.67,-0.459999
2013-11-19,23.690001,0.020001
2013-11-20,22.85,-0.840001
2013-11-21,22.530001,-0.319999
2013-11-22,22.25,-0.280001
2013-11-25,22.200001,-0.049999
2013-11-26,21.66,-0.540001
2013-11-27,21.809999,0.149999
2013-11-29,22.280001,0.470002
2013-12-02,20.9,-1.380001
2013-12-03,20.57,-0.33
2013-12-04,21.219999,0.649999
2013-12-05,20.67,-0.549999
2013-12-06,20.66,-0.01
2013-12-09,21.209999,0.549999
2013-12-10,22.030001,0.820002
2013-12-11,21.190001,-0.84
2013-12-12,21.01,-0.180001
2013-12-13,21.110001,0.100001
2013-12-16,21.379999,0.269998
2013-12-17,21.190001,-0.189998
2013-12-18,20.860001,-0.33
2013-12-19,20.5,-0.360001
2013-12-20,20.530001,0.030001
2013-12-23,20.389999,-0.140002
2013-12-24,21.030001,0.640002
2013-12-26,21.049999,0.019998
2013-12-27,21.25,0.200001
2013-12-30,20.639999,-0.610001
2013-12-31,21.129999,0.49
2014-01-02,22.030001,0.900002
2014-01-03,21.83,-0.200001
2014-01-06,21.93,0.1
2014-01-07,21.969999,0.039999
2014-01-08,21.610001,-0.359998
2014-01-09,21.27,-0.340001
2014-01-10,22.01,0.74
2014-01-13,22.65,0.64
2014-01-14,22.1,-0.55
2014-01-15,22.389999,0.289999
2014-01-16,22.620001,0.230002
2014-01-17,23.33,0.709999
2014-01-21,23.700001,0.370001
2014-01-22,23.09,-0.610001
2014-01-23,23.719999,0.629999
2014-01-24,23.67,-0.049999
2014-01-27,22.889999,-0.780001
2014-01-28,23.4,0.510001
2014-01-29,24.01,0.61
2014-01-30,23.49,-0.52
2014-01-31,23.48,-0.01
2014-02-03,23.299999,-0.180001
2014-02-04,23.59,0.290001
2014-02-05,23.209999,-0.380001
2014-02-06,23.190001,-0.019998
2014-02-07,23.91,0.719999
2014-02-10,24.700001,0.790001
2014-02-11,25.65,0.949999
2014-02-12,24.77,-0.88
2014-02-13,25.870001,1.100001
2014-02-14,26.35,0.479999
2014-02-18,26.459999,0.109999
2014-02-19,25.629999,-0.83
2014-02-20,26.67,1.040001
2014-02-21,26.530001,-0.139999
2014-02-24,26.700001,0.17
2014-02-25,26.33,-0.370001
2014-02-26,26.049999,-0.280001
2014-02-27,25.969999,-0.08
2014-02-28,25.879999,-0.09
2014-03-03,26.299999,0.42
2014-03-04,26.1,-0.199999
2014-03-05,26.5,0.4
2014-03-06,26.790001,0.290001
2014-03-07,26.18,-0.610001
2014-03-10,25.969999,-0.210001
2014-03-11,26.129999,0.16
2014-03-12,26.92,0.790001
2014-03-13,27.629999,0.709999
2014-03-14,27.73,0.100001
2014-03-17,26.799999,-0.930001
2014-03-18,26.43,-0.369999
2014-03-19,25.440001,-0.989999
2014-03-20,25.469999,0.029998
2014-03-21,25.52,0.050001
2014-03-24,24.33,-1.19
2014-03-25,24.48,0.15
2014-03-26,23.49,-0.99
2014-03-27,23.82,0.33
2014-03-28,24.1,0.28
2014-03-31,23.610001,-0.489999
2014-04-01,23.690001,0.08
2014-04-02,24.32,0.629999
2014-04-03,24.07,-0.25
2014-04-04,24.26,0.19
2014-04-07,24.26,0.0
2014-04-08,24.879999,0.619999
2014-04-09,25.07,0.190001
2014-04-10,24.57,-0.5
2014-04-11,24.219999,-0.350001
2014-04-14,24.52,0.300001
2014-04-15,24.02,-0.5
2014-04-16,23.799999,-0.220001
2014-04-17,23.57,-0.229999
2014-04-21,23.51,-0.06
2014-04-22,23.790001,0.280001
2014-04-23,24.27,0.479999
2014-04-24,23.940001,-0.329999
2014-04-25,24.459999,0.519998
2014-04-28,23.99,-0.469999
2014-04-29,24.309999,0.319999
2014-04-30,24.110001,-0.199998
2014-05-01,23.790001,-0.32
2014-05-02,24.32,0.529999
2014-05-05,24.41,0.09
2014-05-06,24.280001,-0.129999
2014-05-07,23.809999,-0.470002
2014-05-08,23.77,-0.039999
2014-05-09,23.73,-0.04
2014-05-12,23.93,0.2
2014-05-13,23.75,-0.18
2014-05-14,24.01,0.26
2014-05-15,23.620001,-0.389999
2014-05-16,23.42,-0.200001
2014-05-19,23.41,-0.01
2014-05-20,23.389999,-0.020001
2014-05-21,23.450001,0.060002
2014-05-22,23.389999,-0.060002
2014-05-23,23.309999,-0.08
2014-05-27,22.41,-0.899999
2014-05-28,22.040001,-0.369999
2014-05-29,22.24,0.199999
2014-05-30,22.5,0.26
2014-06-02,22.290001,-0.209999
2014-06-03,22.370001,0.08
2014-06-04,22.280001,-0.09
2014-06-05,22.65,0.369999
2014-06-06,22.639999,-0.010001
2014-06-09,22.549999,-0.09
2014-06-10,23.030001,0.480002
2014-06-11,23.41,0.379999
2014-06-12,24.030001,0.620001
2014-06-13,24.110001,0.08
2014-06-16,23.98,-0.130001
2014-06-17,24.120001,0.140001
2014-06-18,24.76,0.639999
2014-06-19,26.09,1.33
2014-06-20,25.82,-0.27
2014-06-23,26.27,0.45
2014-06-24,25.469999,-0.800001
2014-06-25,25.76,0.290001
2014-06-26,25.950001,0.190001
2014-06-27,25.98,0.029999
2014-06-30,26.450001,0.470001
2014-07-01,26.24,-0.210001
2014-07-02,26.48,0.24
2014-07-03,26.5,0.02
2014-07-07,26.040001,-0.459999
2014-07-08,26.459999,0.419998
2014-07-09,27.15,0.690001
2014-07-10,26.610001,-0.539999
2014-07-11,27.32,0.709999
2014-07-14,26.6,-0.72
2014-07-15,25.780001,-0.819999
2014-07-16,26.280001,0.5
2014-07-17,26.99,0.709999
2014-07-18,26.940001,-0.049999
2014-07-21,26.9,-0.040001
2014-07-22,26.59,-0.31
2014-07-23,26.49,-0.1
2014-07-24,26.08,-0.41
2014-07-25,26.82,0.74
2014-07-28,26.99,0.17
2014-07-29,26.76,-0.23
2014-07-30,26.469999,-0.290001
2014-07-31,25.91,-0.559999
2014-08-01,26.200001,0.290001
2014-08-04,25.950001,-0.25
2014-08-05,26.1,0.149999
2014-08-06,26.690001,0.590001
2014-08-07,26.76,0.069999
2014-08-08,26.780001,0.020001
2014-08-11,26.969999,0.189998
2014-08-12,27.43,0.460001
2014-08-13,27.4,-0.03
2014-08-14,27.129999,-0.270001
2014-08-15,26.82,-0.309999
2014-08-18,26.99,0.17
2014-08-19,26.690001,-0.299999
2014-08-20,26.66,-0.030001
2014-08-21,26.07,-0.59
2014-08-22,26.1,0.03
2014-08-25,25.620001,-0.479999
2014-08-26,26.190001,0.57
2014-08-27,26.110001,-0.08
2014-08-28,26.459999,0.349998
2014-08-29,26.690001,0.230002
2014-09-02,25.809999,-0.880002
2014-09-03,25.780001,-0.029998
2014-09-04,24.879999,-0.900002
2014-09-05,25.07,0.190001
2014-09-08,24.190001,-0.879999
2014-09-09,24.559999,0.369998
2014-09-10,24.1,-0.459999
2014-09-11,24.27,0.17
2014-09-12,23.879999,-0.390001
2014-09-15,23.91,0.030001
2014-09-16,24.0,0.09
2014-09-17,23.43,-0.57
2014-09-18,23.129999,-0.300001
2014-09-19,22.66,-0.469999
2014-09-22,22.18,-0.48
2014-09-23,22.540001,0.360001
2014-09-24,22.209999,-0.330002
2014-09-25,22.35,0.140001
2014-09-26,21.98,-0.37
2014-09-29,21.75,-0.23
2014-09-30,21.360001,-0.389999
2014-10-01,21.4,0.039999
2014-10-02,21.620001,0.220001
2014-10-03,20.629999,-0.990002
2014-10-06,21.16,0.530001
2014-10-07,20.42,-0.74
2014-10-08,21.940001,1.520001
2014-10-09,21.219999,-0.720002
2014-10-10,20.77,-0.449999
2014-10-13,21.120001,0.350001
2014-10-14,21.370001,0.25
2014-10-15,21.450001,0.08
2014-10-16,21.360001,-0.09
2014-10-17,20.690001,-0.67
2014-10-20,21.200001,0.51
2014-10-21,21.1,-0.100001
2014-10-22,20.440001,-0.659999
2014-10-23,20.559999,0.119998
2014-10-24,20.469999,-0.09
2014-10-27,20.110001,-0.359998
2014-10-28,20.530001,0.42
2014-10-29,19.639999,-0.890002
2014-10-30,18.200001,-1.439998
2014-10-31,17.209999,-0.990002
2014-11-03,17.91,0.700001
2014-11-04,17.209999,-0.700001
2014-11-05,16.59,-0.619999
2014-11-06,17.209999,0.619999
2014-11-07,18.639999,1.43
2014-11-10,17.450001,-1.189998
2014-11-11,18.219999,0.769998
2014-11-12,18.24,0.020001
2014-11-13,17.940001,-0.299999
2014-11-14,19.02,1.079999
2014-11-17,19.389999,0.369999
2014-11-18,20.299999,0.91
2014-11-19,19.190001,-1.109998
2014-11-20,19.709999,0.519998
2014-11-21,19.879999,0.17
2014-11-24,19.59,-0.289999
2014-11-25,20.389999,0.799999
2014-11-26,20.1,-0.289999
2014-11-28,18.360001,-1.739999
2014-12-01,19.719999,1.359998
2014-12-02,19.200001,-0.519998
2014-12-03,19.25,0.049999
2014-12-04,19.200001,-0.049999
2014-12-05,18.75,-0.450001
2014-12-08,18.889999,0.139999
2014-12-09,19.77,0.880001
2014-12-10,19.209999,-0.560001
2014-12-11,19.0,-0.209999
2014-12-12,18.65,-0.35
2014-12-15,17.34,-1.31
2014-12-16,17.1,-0.24
2014-12-17,17.98,0.88
2014-12-18,18.76,0.78
2014-12-19,18.530001,-0.229999
2014-12-22,17.459999,-1.070002
2014-12-23,17.299999,-0.16
2014-12-24,17.77,0.470001
2014-12-26,18.24,0.47
2014-12-29,17.82,-0.42
2014-12-30,18.450001,0.630001
2014-12-31,18.379999,-0.070002
2015-01-02,18.940001,0.560002
2015-01-05,19.440001,0.5
2015-01-06,20.469999,1.029998
2015-01-07,20.09,-0.379999
2015-01-08,19.790001,-0.299999
2015-01-09,20.709999,0.919998
2015-01-12,21.49,0.780001
2015-01-13,20.549999,-0.940001
2015-01-14,20.309999,-0.24
2015-01-15,21.48,1.170001
2015-01-16,22.16,0.68
2015-01-20,22.940001,0.780001
2015-01-21,22.540001,-0.4
2015-01-22,22.42,-0.120001
2015-01-23,21.74,-0.68
2015-01-26,22.15,0.41
2015-01-27,22.879999,0.729999
2015-01-28,21.969999,-0.91
2015-01-29,21.59,-0.379999
2015-01-30,22.290001,0.700001
2015-02-02,22.450001,0.16
2015-02-03,21.870001,-0.58
2015-02-04,22.27,0.399999
2015-02-05,22.58,0.31
2015-02-06,21.33,-1.25
2015-02-09,21.690001,0.360001
2015-02-10,21.280001,-0.41
2015-02-11,20.860001,-0.42
2015-02-12,21.15,0.289999
2015-02-13,21.26,0.11
2015-02-17,20.57,-0.69
2015-02-18,21.040001,0.470001
2015-02-19,20.540001,-0.5
2015-02-20,20.450001,-0.09
2015-02-23,20.540001,0.09
2015-02-24,20.42,-0.120001
2015-02-25,20.790001,0.370001
2015-02-26,20.959999,0.169998
2015-02-27,21.280001,0.320002
2015-03-02,20.76,-0.520001
2015-03-03,20.379999,-0.380001
2015-03-04,20.040001,-0.339998
2015-03-05,20.08,0.039999
2015-03-06,18.58,-1.5
2015-03-09,17.91,-0.67
2015-03-10,17.67,-0.24
2015-03-11,18.200001,0.530001
2015-03-12,18.07,-0.130001
2015-03-13,18.07,0.0
2015-03-16,18.110001,0.040001
2015-03-17,17.93,-0.180001
2015-03-18,18.84,0.91
2015-03-19,18.709999,-0.130001
2015-03-20,19.33,0.620001
2015-03-23,19.75,0.42
2015-03-24,19.639999,-0.110001
2015-03-25,19.360001,-0.279998
2015-03-26,19.07,-0.290001
2015-03-27,18.84,-0.23
2015-03-30,18.469999,-0.370001
2015-03-31,18.24,-0.229999
2015-04-01,19.209999,0.969999
2015-04-02,18.99,-0.219999
2015-04-06,19.700001,0.710001
2015-04-07,19.190001,-0.51
2015-04-08,19.09,-0.100001
2015-04-09,18.91,-0.18
2015-04-10,19.450001,0.540001
2015-04-13,19.26,-0.190001
2015-04-14,19.41,0.15
2015-04-15,19.98,0.57
2015-04-16,19.74,-0.24
2015-04-17,19.719999,-0.020001
2015-04-20,19.83,0.110001
2015-04-21,19.969999,0.139999
2015-04-22,19.309999,-0.66
2015-04-23,19.780001,0.470002
2015-04-24,19.360001,-0.42
2015-04-27,19.76,0.399999
2015-04-28,20.530001,0.770001
2015-04-29,20.719999,0.189998
2015-04-30,20.110001,-0.609998
2015-05-01,20.27,0.159999
2015-05-04,20.41,0.14
2015-05-05,20.219999,-0.190001
2015-05-06,19.709999,-0.51
2015-05-07,19.83,0.120001
2015-05-08,19.969999,0.139999
2015-05-11,20.02,0.050001
2015-05-12,20.290001,0.270001
2015-05-13,20.780001,0.49
2015-05-14,20.82,0.039999
2015-05-15,20.719999,-0.100001
2015-05-18,20.75,0.030001
2015-05-19,20.0,-0.75
2015-05-20,20.08,0.08
2015-05-21,19.940001,-0.139999
2015-05-22,19.83,-0.110001
2015-05-26,19.25,-0.58
2015-05-27,19.440001,0.190001
2015-05-28,19.6,0.159999
2015-05-29,19.58,-0.02
2015-06-01,19.49,-0.09
2015-06-02,19.780001,0.290001
2015-06-03,19.41,-0.370001
2015-06-04,19.07,-0.34
2015-06-05,18.83,-0.24
2015-06-08,19.02,0.19
2015-06-09,18.780001,-0.239999
2015-06-10,18.959999,0.179998
2015-06-11,18.74,-0.219999
2015-06-12,18.549999,-0.190001
2015-06-15,18.59,0.040001
2015-06-16,18.33,-0.26
2015-06-17,18.860001,0.530001
2015-06-18,19.1,0.239999
2015-06-19,18.639999,-0.460001
2015-06-22,18.33,-0.309999
2015-06-23,18.379999,0.049999
2015-06-24,18.360001,-0.019998
2015-06-25,18.17,-0.190001
2015-06-26,18.09,-0.08
2015-06-29,17.9,-0.19
2015-06-30,17.76,-0.14
2015-07-01,17.280001,-0.479999
2015-07-02,17.629999,0.349998
2015-07-06,17.85,0.220001
2015-07-07,16.98,-0.87
2015-07-08,16.860001,-0.119999
2015-07-09,16.93,0.069999
2015-07-10,16.75,-0.18
2015-07-13,16.799999,0.049999
2015-07-14,16.690001,-0.109998
2015-07-15,16.309999,-0.380002
2015-07-16,16.15,-0.159999
2015-07-17,15.42,-0.73
2015-07-20,13.76,-1.66
2015-07-21,14.12,0.36
2015-07-22,14.08,-0.04
2015-07-23,13.62,-0.46
2015-07-24,14.08,0.46
2015-07-27,13.57,-0.51
2015-07-28,13.69,0.12
2015-07-29,13.97,0.28
2015-07-30,13.46,-0.51
2015-07-31,13.75,0.29
2015-08-03,13.27,-0.48
2015-08-04,13.29,0.02
2015-08-05,13.09,-0.2
2015-08-06,13.37,0.28
2015-08-07,13.4,0.03
2015-08-10,14.29,0.89
2015-08-11,14.52,0.23
2015-08-12,15.52,1.0
2015-08-13,14.64,-0.88
2015-08-14,14.49,-0.15
2015-08-17,15.04,0.55
2015-08-18,14.77,-0.27
2015-08-19,15.2,0.43
2015-08-20,15.82,0.62
2015-08-21,15.39,-0.43
2015-08-24,14.13,-1.26
2015-08-25,13.67,-0.46
2015-08-26,13.04,-0.63
2015-08-27,13.79,0.75
2015-08-28,14.25,0.46
2015-08-31,14.11,-0.14
2015-09-01,13.67,-0.44
2015-09-02,13.63,-0.04
2015-09-03,13.38,-0.25
2015-09-04,13.39,0.01
2015-09-08,13.55,0.16
2015-09-09,13.13,-0.42
2015-09-10,13.12,-0.01
2015-09-11,13.21,0.09
2015-09-14,13.07,-0.14
2015-09-15,13.11,0.04
2015-09-16,13.89,0.78
2015-09-17,14.27,0.38
2015-09-18,14.48,0.21
2015-09-21,14.0,-0.48
2015-09-22,13.36,-0.64
2015-09-23,13.26,-0.1
2015-09-24,14.22,0.96
2015-09-25,13.98,-0.24
2015-09-28,13.32,-0.66
2015-09-29,13.41,0.09
2015-09-30,13.74,0.33
2015-10-01,13.41,-0.33
2015-10-02,14.49,1.08
2015-10-05,15.12,0.63
2015-10-06,15.68,0.56
2015-10-07,15.61,-0.07
2015-10-08,15.41,-0.2
2015-10-09,16.26,0.85
2015-10-12,15.78,-0.48
2015-10-13,15.87,0.09
2015-10-14,16.9,1.03
2015-10-15,16.889999,-0.010001
2015-10-16,16.389999,-0.5
2015-10-19,15.7,-0.689999
2015-10-20,16.33,0.63
2015-10-21,15.85,-0.48
2015-10-22,16.120001,0.270001
2015-10-23,16.52,0.399999
2015-10-26,16.01,-0.51
2015-10-27,16.040001,0.030001
2015-10-28,15.89,-0.150001
2015-10-29,15.12,-0.77
2015-10-30,14.96,-0.16
2015-11-02,15.02,0.06
2015-11-03,14.94,-0.08
2015-11-04,14.62,-0.32
2015-11-05,14.08,-0.54
2015-11-06,13.46,-0.62
2015-11-09,13.83,0.37
2015-11-10,13.47,-0.36
2015-11-11,13.65,0.18
2015-11-12,13.47,-0.18
2015-11-13,13.62,0.15
2015-11-16,13.74,0.12
2015-11-17,13.08,-0.66
2015-11-18,13.49,0.41
2015-11-19,13.97,0.48
2015-11-20,13.4,-0.57
2015-11-23,13.33,-0.07
2015-11-24,13.84,0.51
2015-11-25,13.71,-0.13
2015-11-27,13.45,-0.26
2015-11-30,13.76,0.31
2015-12-01,14.16,0.4
2015-12-02,13.79,-0.37
2015-12-03,14.08,0.29
2015-12-04,14.83,0.75
2015-12-07,14.2,-0.63
2015-12-08,14.08,-0.12
2015-12-09,14.27,0.19
2015-12-10,14.21,-0.06
2015-12-11,14.38,0.17
2015-12-14,13.56,-0.82
2015-12-15,13.63,0.07
2015-12-16,14.17,0.54
2015-12-17,13.34,-0.83
2015-12-18,13.64,0.3
2015-12-21,13.76,0.12
2015-12-22,13.68,-0.08
2015-12-23,13.97,0.29
2015-12-24,14.27,0.3
2015-12-28,13.79,-0.48
2015-12-29,13.95,0.16
2015-12-30,13.66,-0.29
2015-12-31,13.72,0.06
2016-01-04,14.09,0.37
2016-01-05,14.02,-0.07
2016-01-06,14.25,0.23
2016-01-07,14.88,0.63
2016-01-08,14.52,-0.36
2016-01-11,13.92,-0.6
2016-01-12,13.61,-0.31
2016-01-13,13.61,0.0
2016-01-14,13.13,-0.48
2016-01-15,13.09,-0.04
2016-01-19,12.47,-0.62
2016-01-20,12.85,0.38
2016-01-21,12.91,0.06
2016-01-22,13.03,0.12
2016-01-25,13.38,0.35
2016-01-26,13.97,0.59
2016-01-27,14.2,0.23
2016-01-28,13.86,-0.34
2016-01-29,14.21,0.35
2016-02-01,14.65,0.44
2016-02-02,14.3,-0.35
2016-02-03,15.35,1.05
2016-02-04,16.15,0.8
2016-02-05,17.049999,0.899999
2016-02-08,17.469999,0.42
2016-02-09,16.75,-0.719999
2016-02-10,17.139999,0.389999
2016-02-11,18.370001,1.230002
2016-02-12,18.84,0.469999
2016-02-16,17.209999,-1.630001
2016-02-17,17.82,0.610001
2016-02-18,18.9,1.08
2016-02-19,18.379999,-0.520001
2016-02-22,18.530001,0.150002
2016-02-23,18.92,0.389999
2016-02-24,19.110001,0.190001
2016-02-25,19.389999,0.279998
2016-02-26,18.690001,-0.699998
2016-02-29,19.379999,0.689998
2016-03-01,18.57,-0.809999
2016-03-02,19.049999,0.479999
2016-03-03,19.82,0.770001
2016-03-04,19.709999,-0.110001
2016-03-07,20.4,0.690001
2016-03-08,19.42,-0.98
2016-03-09,19.51,0.09
2016-03-10,20.379999,0.869999
2016-03-11,19.98,-0.399999
2016-03-14,19.120001,-0.859999
2016-03-15,19.530001,0.41
2016-03-16,20.860001,1.33
2016-03-17,20.43,-0.430001
2016-03-18,20.610001,0.180001
2016-03-21,20.57,-0.040001
2016-03-22,20.58,0.01
2016-03-23,19.030001,-1.549999
2016-03-24,19.459999,0.429998
2016-03-28,19.42,-0.039999
2016-03-29,20.540001,1.120001
2016-03-30,20.23,-0.310001
2016-03-31,19.969999,-0.260001
2016-04-01,20.120001,0.150002
2016-04-04,19.530001,-0.59
2016-04-05,20.129999,0.599998
2016-04-06,20.15,0.020001
2016-04-07,20.780001,0.630001
2016-04-08,21.440001,0.66
2016-04-11,22.700001,1.26
2016-04-12,22.879999,0.179998
2016-04-13,22.25,-0.629999
2016-04-14,21.6,-0.65
2016-04-15,22.200001,0.600001
2016-04-18,22.18,-0.020001
2016-04-19,23.26,1.08
2016-04-20,22.84,-0.42
2016-04-21,23.25,0.41
2016-04-22,22.59,-0.66
2016-04-25,22.459999,-0.130001
2016-04-26,22.99,0.530001
2016-04-27,23.24,0.25
2016-04-28,24.280001,1.040001
2016-04-29,25.83,1.549999
2016-05-02,25.389999,-0.440001
2016-05-03,24.66,-0.729999
2016-05-04,23.41,-1.25
2016-05-05,24.18,0.77
2016-05-06,25.129999,0.949999
2016-05-09,23.52,-1.609999
2016-05-10,24.4,0.88
2016-05-11,25.049999,0.649999
2016-05-12,24.549999,-0.5
2016-05-13,24.790001,0.240002
2016-05-16,25.24,0.449999
2016-05-17,25.58,0.34
2016-05-18,23.559999,-2.020001
2016-05-19,23.959999,0.4
2016-05-20,24.049999,0.09
2016-05-23,23.780001,-0.269998
2016-05-24,22.469999,-1.310002
2016-05-25,23.030001,0.560002
2016-05-26,22.950001,-0.08
2016-05-27,22.280001,-0.67
2016-05-31,22.58,0.299999
2016-06-01,22.719999,0.139999
2016-06-02,22.77,0.050001
2016-06-03,25.33,2.56
2016-06-06,25.450001,0.120001
2016-06-07,25.110001,-0.34
2016-06-08,25.93,0.819999
2016-06-09,26.33,0.4
2016-06-10,25.959999,-0.370001
2016-06-13,25.91,-0.049999
2016-06-14,25.34,-0.57
2016-06-15,26.32,0.98
2016-06-16,25.49,-0.83
2016-06-17,25.790001,0.300001
2016-06-20,25.639999,-0.150002
2016-06-21,24.93,-0.709999
2016-06-22,25.5,0.57
2016-06-23,25.219999,-0.280001
2016-06-24,26.75,1.530001
2016-06-27,27.059999,0.309999
2016-06-28,26.6,-0.459999
2016-06-29,27.15,0.55
2016-06-30,27.709999,0.559999
2016-07-01,29.049999,1.34
2016-07-05,29.639999,0.59
2016-07-06,30.57,0.930001
2016-07-07,29.610001,-0.959999
2016-07-08,30.540001,0.93
2016-07-11,30.6,0.059999
2016-07-12,29.4,-1.2
2016-07-13,30.370001,0.970001
2016-07-14,30.209999,-0.160002
2016-07-15,29.870001,-0.339998
2016-07-18,29.98,0.109999
2016-07-19,29.67,-0.31
2016-07-20,27.99,-1.68
2016-07-21,28.870001,0.880001
2016-07-22,28.780001,-0.09
2016-07-25,27.73,-1.050001
2016-07-26,28.5,0.77
2016-07-27,29.799999,1.299999
2016-07-28,29.75,-0.049999
2016-07-29,30.59,0.84
2016-08-01,30.93,0.34
2016-08-02,31.32,0.39
2016-08-03,30.940001,-0.379999
2016-08-04,31.23,0.289999
2016-08-05,30.23,-1.0
2016-08-08,30.5,0.27
2016-08-09,30.76,0.26
2016-08-10,31.299999,0.539999
2016-08-11,31.040001,-0.259998
2016-08-12,31.049999,0.009998
2016-08-15,30.860001,-0.189998
2016-08-16,30.809999,-0.050002
2016-08-17,30.370001,-0.439998
2016-08-18,30.75,0.379999
2016-08-19,29.959999,-0.790001
2016-08-22,29.459999,-0.5
2016-08-23,29.02,-0.439999
2016-08-24,26.969999,-2.050001
2016-08-25,27.309999,0.34
2016-08-26,27.18,-0.129999
2016-08-29,27.24,0.06
2016-08-30,25.9,-1.34
2016-08-31,25.49,-0.41
2016-09-01,26.42,0.93
2016-09-02,27.35,0.93
2016-09-06,28.68,1.33
2016-09-07,28.52,-0.16
2016-09-08,27.9,-0.62
2016-09-09,26.41,-1.49
2016-09-12,27.040001,0.630001
2016-09-13,26.059999,-0.980002
2016-09-14,26.01,-0.049999
2016-09-15,26.18,0.17
2016-09-16,25.959999,-0.220001
2016-09-19,26.09,0.130001
2016-09-20,26.059999,-0.030001
2016-09-21,27.9,1.840001
2016-09-22,27.74,-0.16
2016-09-23,27.02,-0.72
2016-09-26,26.780001,-0.239999
2016-09-27,26.280001,-0.5
2016-09-28,26.91,0.629999
2016-09-29,26.690001,-0.219999
2016-09-30,26.43,-0.260001
2016-10-03,25.959999,-0.470001
2016-10-04,23.4,-2.559999
2016-10-05,23.58,0.18
2016-10-06,22.84,-0.74
2016-10-07,23.0,0.16
2016-10-10,23.16,0.16
2016-10-11,22.58,-0.58
2016-10-12,23.07,0.49
2016-10-13,23.49,0.42
2016-10-14,22.99,-0.5
2016-10-17,23.34,0.35
2016-10-18,24.200001,0.860001
2016-10-19,24.870001,0.67
2016-10-20,24.809999,-0.060002
2016-10-21,24.620001,-0.189998
2016-10-24,24.09,-0.530001
2016-10-25,24.65,0.56
2016-10-26,24.129999,-0.520001
2016-10-27,23.73,-0.399999
2016-10-28,23.809999,0.079999
2016-10-31,24.52,0.710001
2016-11-01,25.129999,0.609999
2016-11-02,24.76,-0.369999
2016-11-03,25.299999,0.539999
2016-11-04,25.07,-0.229999
2016-11-07,24.08,-0.99
2016-11-08,23.959999,-0.120001
2016-11-09,24.59,0.630001
2016-11-10,22.75,-1.84
2016-11-11,20.92,-1.83
2016-11-14,21.120001,0.200001
2016-11-15,22.02,0.899999
2016-11-16,21.84,-0.18
2016-11-17,21.299999,-0.540001
2016-11-18,21.049999,-0.25
2016-11-21,21.48,0.430001
2016-11-22,21.559999,0.079999
2016-11-23,20.5,-1.059999
2016-11-25,20.610001,0.110001
2016-11-28,21.4,0.789999
2016-11-29,21.23,-0.17
2016-11-30,20.83,-0.4
2016-12-01,20.66,-0.17
2016-12-02,21.370001,0.710001
2016-12-05,21.33,-0.040001
2016-12-06,21.200001,-0.129999
2016-12-07,21.440001,0.24
2016-12-08,21.459999,0.019998
2016-12-09,20.67,-0.789999
2016-12-12,20.75,0.08
2016-12-13,21.040001,0.290001
2016-12-14,19.889999,-1.150002
2016-12-15,18.99,-0.899999
2016-12-16,19.08,0.09
2016-12-19,19.08,0.0
2016-12-20,19.129999,0.049999
2016-12-21,19.09,-0.039999
2016-12-22,19.07,-0.02
2016-12-23,19.34,0.27
2016-12-27,19.870001,0.530001
2016-12-28,20.24,0.369999
2016-12-29,21.75,1.51
2016-12-30,20.92,-0.83
2017-01-03,21.76,0.84
2017-01-04,21.92,0.16
2017-01-05,23.200001,1.280001
2017-01-06,22.389999,-0.810002
2017-01-09,22.459999,0.07
2017-01-10,22.620001,0.160002
2017-01-11,22.57,-0.050001
2017-01-12,22.620001,0.050001
2017-01-13,22.74,0.119999
2017-01-17,23.360001,0.620001
2017-01-18,23.01,-0.350001
