Date,0,1,2,3,,ls,amount,exp,NET,eod,pnl,commision,acc,strat,,,,6.64
2015+AC0-09+AC0-01,0.2026,0.0348,0.0968,0.6658,,,,,,,,,12000,,+AC0-8.13+ACU-,,,6.1
2015+AC0-09+AC0-02,0.395145373377411,0.11613171752841,0.164443994337034,0.324278922859651,,1,2500,2500,0.208,2442.62295081967,+AC0-57.3770491803275,+AC0-1,+ACI-+ACQ-11,941.62+ACI-,+AC0-0.48+ACU-,+AC0-2.30+ACU-,,,5.96
2015+AC0-09+AC0-03,0.340488275441341,0.151339974595938,0.079127549703139,0.429044199048863,,,,2442.62295081967,0.205,2311.47540983607,+AC0-131.147540983607,0,+ACI-+ACQ-11,810.48+ACI-,+AC0-1.10+ACU-,+AC0-5.37+ACU-,,,5.64
2015+AC0-09+AC0-04,0.08959326960042,0.221410754545272,0.276722446411478,0.412273536148352,,,,2311.47540983607,0.196,2336.06557377049,24.5901639344265,0,+ACI-+ACQ-11,835.07+ACI-,0.21+ACU-,1.06+ACU-,,,5.7
2015+AC0-09+AC0-08,0.175749977147075,0.27536952938799,0.180841248318864,0.368039258370852,,1,2500,4836.06557377049,0.409,4971.81478285879,135.749209088295,+AC0-1,+ACI-+ACQ-11,969.81+ACI-,1.15+ACU-,2.81+ACU-,,,5.86
2015+AC0-09+AC0-09,0.368178430870579,0.158127761506094,0.185085639902522,0.288608180014263,,1,1000,5971.81478285879,0.499,5462.27427237596,+AC0-509.540510482832,+AC0-1,+ACI-+ACQ-11,459.27+ACI-,+AC0-4.26+ACU-,+AC0-8.53+ACU-,,,5.36
2015+AC0-09+AC0-10,0.108562346661714,0.264303564961763,0.101718009090075,0.525416087854615,,+AC0-1,2500,2962.27427237596,0.259,2940.16774795524,+AC0-22.1065244207161,+AC0-1,+ACI-+ACQ-11,436.17+ACI-,+AC0-0.19+ACU-,+AC0-0.75+ACU-,,,5.32
2015+AC0-09+AC0-11,0.347551991367625,0.090138191631938,0.307169486935791,0.255140333044878,,1,2500,5440.16774795524,0.476,5542.42654021004,102.258792254798,+AC0-1,+ACI-+ACQ-11,537.43+ACI-,0.89+ACU-,1.88+ACU-,,,5.42
2015+AC0-09+AC0-14,0.103248608197296,0.285115097767007,0.263733983741839,0.347902314205413,,,,5542.42654021004,0.480,5378.81247260236,+AC0-163.614067607677,0,+ACI-+ACQ-11,373.81+ACI-,+AC0-1.42+ACU-,+AC0-2.95+ACU-,,,5.26
2015+AC0-09+AC0-15,0.189761766149909,0.139209608445083,0.214820808231172,0.456207825742004,,,,5378.81247260236,0.473,5440.16774795524,61.3552753528784,0,+ACI-+ACQ-11,435.17+ACI-,0.54+ACU-,1.14+ACU-,,,5.32
2015+AC0-09+AC0-16,0.268152795553591,0.115428542743152,0.150416654516699,0.466002006208669,,,,5440.16774795524,0.476,6319.5933613465,879.42561339126,0,+ACI-+ACQ-12,314.59+ACI-,7.69+ACU-,16.17+ACU-,,,6.18
2015+AC0-09+AC0-17,0.152732995663644,0.136485210893584,0.213350602321875,0.497431198757742,,1,1600,7919.5933613465,0.643,8611.59666476513,692.003303418625,+AC0-1,+ACI-+ACQ-13,005.60+ACI-,5.62+ACU-,8.74+ACU-,,,6.72
2015+AC0-09+AC0-18,0.326434011818177,0.029159634423546,0.060737013172407,0.583669339549774,,,,8611.59666476513,0.662,8996.04294444214,384.446279677015,0,+ACI-+ACQ-13,390.04+ACI-,2.96+ACU-,4.46+ACU-,,,7.02
2015+AC0-09+AC0-21,0.083663422295372,0.332318974278628,0.112091665565048,0.471925925940023,,,,8996.04294444214,0.672,8150.26112915271,+AC0-845.781815289431,0,+ACI-+ACQ-12,544.26+ACI-,+AC0-6.32+ACU-,+AC0-9.40+ACU-,,,6.36
2015+AC0-09+AC0-22,0.074246749636425,0.281806284860366,0.174097688863011,0.469849275895141,,1,1250,9400.26112915271,0.749,8129.1566368459,+AC0-1271.10449230681,+AC0-1,+ACI-+ACQ-11,272.16+ACI-,+AC0-10.13+ACU-,+AC0-13.52+ACU-,,,5.5
2015+AC0-09+AC0-23,0.116753689862758,0.211704433556423,0.104533076574728,0.567008795535741,,1,1250,9379.1566368459,0.832,9140.414467908,+AC0-238.742168937895,+AC0-1,+ACI-+ACQ-11,032.41+ACI-,+AC0-2.12+ACU-,+AC0-2.55+ACU-,,,5.36
2015+AC0-09+AC0-24,0.194761868334588,0.285001861585038,0.247488377454846,0.272747907712954,,1,1250,10390.414467908,0.942,12522.7756460234,2132.36117811545,+AC0-1,+ACI-+ACQ-13,163.78+ACI-,19.33+ACU-,20.52+ACU-,,,6.46
2015+AC0-09+AC0-25,0.267689377795671,0.1266317387849,0.091862324608189,0.51381656086015,,+AC0-1,4000,8522.77564602345,0.647,8179.75371599774,+AC0-343.021930025711,+AC0-1,+ACI-+ACQ-12,819.75+ACI-,+AC0-2.61+ACU-,+AC0-4.02+ACU-,,,6.2
2015+AC0-09+AC0-28,0.085005844476971,0.447873307008232,0.079101400779659,0.388019448387063,,,,8179.75371599774,0.638,7045.14271668192,+AC0-1134.61099931582,0,+ACI-+ACQ-11,685.14+ACI-,+AC0-8.85+ACU-,+AC0-13.87+ACU-,,,5.34
2015+AC0-09+AC0-29,0.173174300032934,0.053160871350045,0.078314938643063,0.695349894351174,,,,7045.14271668192,0.603,7150.6879259206,105.54520923868,0,+ACI-+ACQ-11,790.69+ACI-,0.90+ACU-,1.50+ACU-,,,5.42
2015+AC0-09+AC0-30,0.331204344803439,0.035668205052408,0.099625658048408,0.533501808114493,,1,2500,9650.6879259206,0.819,10291.6930280113,641.005102090667,+AC0-1,+ACI-+ACQ-12,430.69+ACI-,5.44+ACU-,6.64+ACU-,,,5.78
2015+AC0-10+AC0-01,0.329335967292339,0.175937795131066,0.105451663145823,0.389274579273649,,,,10291.6930280113,0.828,9615.07653136001,+AC0-676.616496651261,0,+ACI-+ACQ-11,754.08+ACI-,+AC0-5.44+ACU-,+AC0-6.57+ACU-,,,5.4
2015+AC0-10+AC0-02,0.100321799417771,0.088478595816687,0.240436150481366,0.570763462852344,,,,9615.07653136001,0.818,11897.766922694,2282.69039133398,0,+ACI-+ACQ-14,036.77+ACI-,19.42+ACU-,23.74+ACU-,,,6.682
2015+AC0-10+AC0-05,0.180586421491806,0.029469889366082,0.224092848224795,0.565850841569242,,,,11897.766922694,0.848,13443.3014466237,1545.53452392972,0,+ACI-+ACQ-15,582.30+ACI-,11.01+ACU-,12.99+ACU-,,,7.55
2015+AC0-10+AC0-06,0.389748608375583,0.046765912186377,0.066600395183368,0.496885085837921,,,,13443.3014466237,0.863,14938.9800181686,1495.67857154489,0,+ACI-+ACQ-17,077.98+ACI-,9.60+ACU-,11.13+ACU-,,,8.39
2015+AC0-10+AC0-07,0.174346131426314,0.042533176828086,0.096296904551775,0.686823799487283,,+AC0-1,6000,8938.9800181686,0.523,8840.96021344017,+AC0-98.0198047284284,+AC0-1,+ACI-+ACQ-16,978.96+ACI-,+AC0-0.57+ACU-,+AC0-1.10+ACU-,,,8.298
2015+AC0-10+AC0-08,0.139758615594985,0.218479276538234,0.108221673271411,0.53354042965936,,,,8840.96021344017,0.521,8497.89089689067,+AC0-343.069316549498,0,+ACI-+ACQ-16,635.89+ACI-,+AC0-2.02+ACU-,+AC0-3.88+ACU-,,,7.976
2015+AC0-10+AC0-09,0.123160038032017,0.198403832333723,0.336357125324523,0.342079011015259,,1,2400,10897.8908968907,0.655,12649.5328389436,1751.64194205289,+AC0-1,+ACI-+ACQ-18,386.53+ACI-,10.53+ACU-,16.07+ACU-,,,9.258
2015+AC0-10+AC0-12,0.218067424524266,0.079168023874373,0.474492900621893,0.228271654891022,,,,12649.5328389436,0.688,11572.8605687894,+AC0-1076.67227015419,0,+ACI-+ACQ-17,309.86+ACI-,+AC0-5.86+ACU-,+AC0-8.51+ACU-,,,8.47
2015+AC0-10+AC0-13,0.393698923601488,0.093964164835169,0.267866652139539,0.244470267060649,,,,11572.8605687894,0.669,11766.880191076,194.019622286669,0,+ACI-+ACQ-17,503.88+ACI-,1.12+ACU-,1.68+ACU-,,,8.612
2015+AC0-10+AC0-14,0.120318867034761,0.325650135108762,0.107744655498403,0.446286349994918,,+AC0-1,6000,5766.88019107604,0.329,6855.70359919142,1088.82340811538,+AC0-1,+ACI-+ACQ-18,591.70+ACI-,6.22+ACU-,18.88+ACU-,,,10.238
2015+AC0-10+AC0-15,0.208109328639244,0.15197369432937,0.200147716210719,0.439769259144287,,,,6855.70359919142,0.369,6867.75699485321,12.0533956617946,0,+ACI-+ACQ-18,603.76+ACI-,0.06+ACU-,0.18+ACU-,,,10.256
2015+AC0-10+AC0-16,0.251732761939085,0.135358050121062,0.188710397508416,0.42419879341167,,,,6867.75699485321,0.369,6259.73014702495,+AC0-608.026847828268,0,+ACI-+ACQ-17,995.73+ACI-,+AC0-3.27+ACU-,+AC0-8.85+ACU-,,,9.348
2015+AC0-10+AC0-19,0.109951790405652,0.305618799869822,0.313752282010198,0.270677140007786,,,,6259.73014702495,0.348,5499.02695414729,+AC0-760.703192877658,0,+ACI-+ACQ-17,235.03+ACI-,+AC0-4.23+ACU-,+AC0-12.15+ACU-,,,8.212
2015+AC0-10+AC0-20,0.333282920191838,0.158722919572022,0.096796159602789,0.41119799150639,,,,5499.02695414729,0.319,6107.05380197556,608.026847828268,0,+ACI-+ACQ-17,843.05+ACI-,3.53+ACU-,11.06+ACU-,,,9.12
2015+AC0-10+AC0-21,0.381880975601698,0.125088826043298,0.190521564262999,0.302508644522817,,,,6107.05380197556,0.342,5588.75778851842,+AC0-518.296013457136,0,+ACI-+ACQ-17,324.76+ACI-,+AC0-2.90+ACU-,+AC0-8.49+ACU-,,,8.346
2015+AC0-10+AC0-22,0.347457578956178,0.108917039364154,0.179666846443886,0.363958538216015,,+AC0-1,3500,2088.75778851842,0.121,2194.8724904513,106.114701932879,+AC0-1,+ACI-+ACQ-17,429.87+ACI-,0.61+ACU-,5.08+ACU-,,,8.77
2015+AC0-10+AC0-23,0.215237554656758,0.157766080719762,0.093894164081808,0.533102199796615,,,,2194.8724904513,0.126,2356.04670753803,161.174217086732,0,+ACI-+ACQ-17,591.05+ACI-,0.92+ACU-,7.34+ACU-,,,9.414
2015+AC0-10+AC0-26,0.241751245070421,0.13779541646104,0.121973083355786,0.49848025995563,,1,2500,4856.04670753803,0.276,4423.77911236947,+AC0-432.267595168565,+AC0-1,+ACI-+ACQ-17,157.78+ACI-,+AC0-2.46+ACU-,+AC0-8.90+ACU-,,,8.576
2015+AC0-10+AC0-27,0.204360834450332,0.2456165525574,0.22074616404293,0.329276453792216,,,,4423.77911236947,0.258,4433.0640965139,9.28498414443129,0,+ACI-+ACQ-17,167.06+ACI-,0.05+ACU-,0.21+ACU-,,,8.594
2015+AC0-10+AC0-28,0.481877453234354,0.129730650763514,0.098385463246537,0.290006427353924,,,,4433.0640965139,0.258,4277.28269586843,+AC0-155.781400645473,0,+ACI-+ACQ-17,011.28+ACI-,+AC0-0.91+ACU-,+AC0-3.51+ACU-,,,8.292
2015+AC0-10+AC0-29,0.369611377818794,0.176048969609238,0.110411685930489,0.343927957514518,,+AC0-1,4433,+AC0-155.717304131575,+AC0-0.009,+AC0-176.862707466375,21.1454033347991,+AC0-1,+ACI-+ACQ-17,031.43+ACI-,0.12+ACU-,+AC0-13.58+ACU-,,,7.166
2015+AC0-10+AC0-30,0.105646274866862,0.224459238270044,0.230977483262212,0.438917010306403,,,,+AC0-176.862707466375,+AC0-0.010,+AC0-182.489932878366,5.62722541199182,0,+ACI-+ACQ-17,037.06+ACI-,0.03+ACU-,+AC0-3.18+ACU-,,,6.938
2015+AC0-11+AC0-02,0.151890086765434,0.214633495391601,0.210261872166442,0.423214557969982,,1,4200,4017.51006712163,0.236,4059.20230189142,41.6922347697832,+AC0-1,+ACI-+ACQ-17,077.75+ACI-,0.24+ACU-,1.04+ACU-,,,7.01
2015+AC0-11+AC0-03,0.442597770207978,0.192959758665938,0.106300674327532,0.258141806996534,,1,2800,6859.20230189142,0.402,6714.38604787146,+AC0-144.816254019961,+AC0-1,+ACI-+ACQ-16,931.93+ACI-,+AC0-0.85+ACU-,+AC0-2.11+ACU-,,,6.862
2015+AC0-11+AC0-04,0.120826630480741,0.301091604442345,0.102593046353568,0.475488707733739,,+AC0-1,4400,2314.38604787146,0.137,2165.31017594502,+AC0-149.075871926433,+AC0-1,+ACI-+ACQ-16,781.86+ACI-,+AC0-0.88+ACU-,+AC0-6.44+ACU-,,,6.42
2015+AC0-11+AC0-05,0.198619636764838,0.218190319468221,0.157557360504257,0.42563268018932,,,,2165.31017594502,0.129,1938.66088650031,+AC0-226.649289444712,0,+ACI-+ACQ-16,555.21+ACI-,+AC0-1.35+ACU-,+AC0-10.47+ACU-,,,5.748
2015+AC0-11+AC0-06,0.30952681546961,0.25055372301472,0.125259103633863,0.314660360862039,,1,2800,4738.66088650031,0.286,4120.35962260413,+AC0-618.301263896178,+AC0-1,+ACI-+ACQ-15,935.90+ACI-,+AC0-3.73+ACU-,+AC0-13.05+ACU-,,,4.998
2015+AC0-11+AC0-09,0.17301679227856,0.076355233851029,0.1882743966687,0.56235357552533,,+AC0-1,4400,+AC0-279.640377395867,+AC0-0.018,+AC0-258.71490697849,+AC0-20.9254704173778,+AC0-1,+ACI-+ACQ-15,913.98+ACI-,+AC0-0.13+ACU-,7.48+ACU-,,,5.372
2015+AC0-11+AC0-10,0.117292576027508,0.276746794292122,0.272592102025436,0.333368539948392,,1,4400,4141.28509302151,0.260,3825.21530744094,+AC0-316.06978558057,+AC0-1,+ACI-+ACQ-15,596.91+ACI-,+AC0-1.99+ACU-,+AC0-7.63+ACU-,,,4.962
2015+AC0-11+AC0-11,0.28211365801993,0.123396867648087,0.085861579638529,0.508627897790102,,,,3825.21530744094,0.245,3960.89404466577,135.67873722483,0,+ACI-+ACQ-15,732.59+ACI-,0.87+ACU-,3.55+ACU-,,,5.138
2015+AC0-11+AC0-12,0.161389460450222,0.045595712849946,0.273953638784974,0.519061191826413,,,,3960.89404466577,0.252,3802.08824995944,+AC0-158.805794706334,0,+ACI-+ACQ-15,573.78+ACI-,+AC0-1.01+ACU-,+AC0-4.01+ACU-,,,4.932
2015+AC0-11+AC0-13,0.295159064701889,0.145667102529985,0.122502983666827,0.436670857669467,,1,4000,7802.08824995944,0.501,8071.01667706672,268.928427107279,+AC0-1,+ACI-+ACQ-15,841.71+ACI-,1.73+ACU-,3.45+ACU-,,,5.102
2015+AC0-11+AC0-16,0.211223525013618,0.11459781638611,0.130555721756046,0.543622937961813,,,,8071.01667706672,0.509,8257.68464411765,186.667967050935,0,+ACI-+ACQ-16,028.38+ACI-,1.18+ACU-,2.31+ACU-,,,5.22
2015+AC0-11+AC0-17,0.207122134237995,0.093176202479893,0.320295424285775,0.379406236388634,,1,2200,10457.6846441177,0.652,9039.28603721434,+AC0-1418.39860690331,+AC0-1,+ACI-+ACQ-14,608.98+ACI-,+AC0-8.85+ACU-,+AC0-13.56+ACU-,,,4.512
2015+AC0-11+AC0-18,0.130714742821161,0.37623559819421,0.204545253053859,0.288504403323067,,,,9039.28603721434,0.619,9796.56664937458,757.280612160243,0,+ACI-+ACQ-15,366.26+ACI-,5.18+ACU-,8.38+ACU-,,,4.89
2015+AC0-11+AC0-19,0.228323466418412,0.275707668366465,0.18192776033691,0.314041101339188,,+AC0-1,4400,5396.56664937458,0.351,5963.81312335792,567.246473983341,+AC0-1,+ACI-+ACQ-15,932.51+ACI-,3.69+ACU-,10.51+ACU-,,,5.404
2015+AC0-11+AC0-20,0.39231315088418,0.047175908666227,0.118773219266409,0.441737726026062,,,,5963.81312335792,0.374,5297.24333680941,+AC0-666.569786548517,0,+ACI-+ACQ-15,265.94+ACI-,+AC0-4.18+ACU-,+AC0-11.18+ACU-,,,4.8
2015+AC0-11+AC0-23,0.219792439264024,0.20584900222188,0.141009491304446,0.43334906751233,,+AC0-1,4400,897.243336809405,0.059,878.92461868288,+AC0-18.3187181265254,+AC0-1,+ACI-+ACQ-15,246.62+ACI-,+AC0-0.12+ACU-,+AC0-2.04+ACU-,,,4.702
2015+AC0-11+AC0-24,0.208232825894515,0.031906616997039,0.08667178713591,0.673188775048244,,,,878.92461868288,0.058,975.004425999554,96.079807316674,0,+ACI-+ACQ-15,342.70+ACI-,0.63+ACU-,10.93+ACU-,,,5.216
2015+AC0-11+AC0-25,0.423335784644291,0.11406182740835,0.084203929894075,0.37839845870521,,1,4400,5375.00442599955,0.350,5249.28538075953,+AC0-125.71904524002,+AC0-1,+ACI-+ACQ-15,215.98+ACI-,+AC0-0.82+ACU-,+AC0-2.34+ACU-,,,5.094
2015+AC0-11+AC0-27,0.207333688094387,0.12680272857903,0.354688969088158,0.311174624669237,,+AC0-1,2000,3249.28538075953,0.214,3074.51031316469,+AC0-174.77506759484,+AC0-1,+ACI-+ACQ-15,040.20+ACI-,+AC0-1.15+ACU-,+AC0-5.38+ACU-,,,4.82
2015+AC0-11+AC0-30,0.120964420830608,0.23503612443188,0.170209069100672,0.473790397930298,,+AC0-1,3000,74.5103131646943,0.005,78.6841273876128,4.17381422291854,+AC0-1,+ACI-+ACQ-15,043.38+ACI-,0.03+ACU-,5.60+ACU-,,,5.09
2015+AC0-12+AC0-01,0.466189537362123,0.045303177875326,0.077519531705788,0.410987756968318,,1,4400,4478.68412738761,0.298,4897.51588468359,418.831757295974,+AC0-1,+ACI-+ACQ-15,461.21+ACI-,2.78+ACU-,9.35+ACU-,,,5.566
2015+AC0-12+AC0-02,0.080965770260567,0.269141036041856,0.258825492807026,0.39106768431301,,+AC0-1,4800,97.5158846835866,0.006,90.1925573753331,+AC0-7.32332730825354,+AC0-1,+ACI-+ACQ-15,452.89+ACI-,+AC0-0.05+ACU-,+AC0-7.51+ACU-,,,5.148
2015+AC0-12+AC0-03,0.216245567322439,0.029078966831196,0.07432370123803,0.680351768519891,,,,90.1925573753331,0.006,95.2733346944563,5.08077731912327,0,+ACI-+ACQ-15,457.97+ACI-,0.03+ACU-,5.63+ACU-,,,5.438
2015+AC0-12+AC0-04,0.383199234247836,0.139471072768167,0.08029017040112,0.397039532082368,,1,4400,4495.27333469446,0.291,5194.61155484001,699.338220145552,+AC0-1,+ACI-+ACQ-16,156.31+ACI-,4.52+ACU-,15.56+ACU-,,,6.284
2015+AC0-12+AC0-07,0.377254970077041,0.047028452119839,0.1796007414643,0.396115839319052,,+AC0-1,2700,2494.61155484001,0.154,2187.35036078428,+AC0-307.261194055724,+AC0-1,+ACI-+ACQ-15,848.04+ACI-,+AC0-1.90+ACU-,+AC0-12.32+ACU-,,,5.51
2015+AC0-12+AC0-08,0.164790998000556,0.203636782076366,0.21034958660833,0.421222626981754,,+AC0-1,2200,+AC0-12.649639215716,+AC0-0.001,+AC0-12.9297219714905,0.280082755774473,+AC0-1,+ACI-+ACQ-15,847.32+ACI-,0.00+ACU-,+AC0-2.21+ACU-,,,5.388
2015+AC0-12+AC0-09,0.278485897121876,0.06346200393955,0.063425729089152,0.594626372131164,,,,+AC0-12.9297219714905,+AC0-0.001,+AC0-12.4737740920207,+AC0-0.455947879469782,0,+ACI-+ACQ-15,846.87+ACI-,0.00+ACU-,3.53+ACU-,,,5.578
2015+AC0-12+AC0-10,0.095067173096926,0.198115862042451,0.065620102626265,0.6411968614893,,1,4400,4387.52622590798,0.277,4346.62422451909,+AC0-40.9020013888876,+AC0-1,+ACI-+ACQ-15,804.97+ACI-,+AC0-0.26+ACU-,+AC0-0.93+ACU-,,,5.526
2015+AC0-12+AC0-11,0.286982502020516,0.031573105586937,0.180777715707111,0.50066668059699,,1,4400,8746.62422451909,0.553,9003.0399183975,256.415693878411,+AC0-1,+ACI-+ACQ-16,060.38+ACI-,1.62+ACU-,2.93+ACU-,,,5.688
2015+AC0-12+AC0-14,0.314803169660861,0.078413974495967,0.123365121251004,0.48341773012182,,,,9003.0399183975,0.561,7543.68640138581,+AC0-1459.35351701169,0,+ACI-+ACQ-14,601.03+ACI-,+AC0-9.09+ACU-,+AC0-16.21+ACU-,,,4.766
2015+AC0-12+AC0-15,0.079049178448157,0.207600449555397,0.084467739303954,0.628882638001031,,+AC0-1,2200,5343.68640138581,0.366,5386.29237772922,42.6059763434041,+AC0-1,+ACI-+ACQ-14,642.63+ACI-,0.29+ACU-,0.80+ACU-,,,4.804
2015+AC0-12+AC0-16,0.364011253888614,0.032969474887441,0.287299361781859,0.315719915216286,,1,4400,9786.29237772922,0.668,10927.0758355827,1140.78345785353,+AC0-1,+ACI-+ACQ-15,782.42+ACI-,7.79+ACU-,11.66+ACU-,,,5.364
2015+AC0-12+AC0-17,0.078958601488436,0.232059823824453,0.24481418550749,0.444167391694192,,+AC0-1,6000,4927.07583558275,0.312,4063.64345574535,+AC0-863.432379837393,+AC0-1,+ACI-+ACQ-14,917.99+ACI-,+AC0-5.47+ACU-,+AC0-17.52+ACU-,,,4.424
2015+AC0-12+AC0-18,0.173238991666683,0.157652146613016,0.170945930417351,0.498162939871118,,,,4063.64345574535,0.272,4313.48771884724,249.844263101883,0,+ACI-+ACQ-15,167.83+ACI-,1.67+ACU-,6.15+ACU-,,,4.696
2015+AC0-12+AC0-21,0.094821706164038,0.252858233942091,0.191390340222234,0.460929726377159,,,,4313.48771884724,0.284,4561.49489177925,248.007172932018,0,+ACI-+ACQ-15,415.84+ACI-,1.64+ACU-,5.75+ACU-,,,4.966
2015+AC0-12+AC0-22,0.087767826415135,0.148226977643063,0.167414317993914,0.596590879996798,,,,4561.49489177925,0.296,4480.66292430512,+AC0-80.8319674741388,0,+ACI-+ACQ-15,335.01+ACI-,+AC0-0.52+ACU-,+AC0-1.77+ACU-,,,4.878
2015+AC0-12+AC0-23,0.333015514353681,0.070893380989537,0.200069181828753,0.396021930464873,,1,3500,7980.66292430512,0.520,8491.11122942672,510.448305121606,+AC0-1,+ACI-+ACQ-15,844.45+ACI-,3.33+ACU-,6.40+ACU-,,,5.19
2015+AC0-12+AC0-24,0.163545741557665,0.11748602605313,0.318073178672827,0.400895046219231,,,,8491.11122942672,0.536,9017.92005714838,526.808827721658,0,+ACI-+ACQ-16,371.26+ACI-,3.32+ACU-,6.20+ACU-,,,5.512
2015+AC0-12+AC0-28,0.060741758811798,0.298455822610165,0.185489997979922,0.45531241379946,,,,9017.92005714838,0.551,8176.98919550573,+AC0-840.930861642647,0,+ACI-+ACQ-15,530.33+ACI-,+AC0-5.14+ACU-,+AC0-9.33+ACU-,,,4.998
2015+AC0-12+AC0-29,0.419093668527881,0.045066458706445,0.10131108106913,0.434528790951486,,,,8176.98919550573,0.527,8376.58757122636,199.598375720628,0,+ACI-+ACQ-15,729.93+ACI-,1.29+ACU-,2.44+ACU-,,,5.12
2015+AC0-12+AC0-30,0.26689699844861,0.026643116881658,0.162647774708356,0.543812115968406,,,,8376.58757122636,0.533,7879.22768418479,+AC0-497.359887041565,0,+ACI-+ACQ-15,232.57+ACI-,+AC0-3.16+ACU-,+AC0-5.94+ACU-,,,4.816
2015+AC0-12+AC0-31,0.197837198976491,0.187553450745028,0.165136323798915,0.449473033185089,,,,7879.22768418479,0.517,7944.669774585,65.4420904002072,0,+ACI-+ACQ-15,298.01+ACI-,0.43+ACU-,0.83+ACU-,,,4.856
2016+AC0-01+AC0-04,0.117338009168058,0.149720771717184,0.227018912874295,0.505922319465243,,,,7944.669774585,0.519,8625.26751474714,680.597740162143,0,+ACI-+ACQ-15,978.61+ACI-,4.45+ACU-,8.57+ACU-,,,5.272
2016+AC0-01+AC0-05,0.381297125854472,0.248664749226991,0.104203659563805,0.265834467403642,,,,8625.26751474714,0.540,8494.38333394673,+AC0-130.884180800413,0,+ACI-+ACQ-15,847.73+ACI-,+AC0-0.82+ACU-,+AC0-1.52+ACU-,,,5.192
2016+AC0-01+AC0-06,0.150790004968531,0.031512124312203,0.339468352565722,0.478229506698276,,+AC0-1,3600,4894.38333394673,0.309,5122.51137069849,228.128036751755,+AC0-1,+ACI-+ACQ-16,074.85+ACI-,1.44+ACU-,4.66+ACU-,,,5.434
2016+AC0-01+AC0-07,0.191652159249333,0.250608297831983,0.232344781147782,0.32539476661378,,,,5122.51137069849,0.319,5795.58334689994,673.071976201457,0,+ACI-+ACQ-16,747.93+ACI-,4.19+ACU-,13.14+ACU-,,,6.148
2016+AC0-01+AC0-08,0.253710769706064,0.058260348043556,0.186737166042619,0.501291728501218,,,,5795.58334689994,0.346,5375.14903123349,+AC0-420.434315666456,0,+ACI-+ACQ-16,327.49+ACI-,+AC0-2.51+ACU-,+AC0-7.25+ACU-,,,5.702
2016+AC0-01+AC0-11,0.189116959121166,0.239554678012532,0.255505840136853,0.315822527572325,,,,5375.14903123349,0.329,4726.58667881528,+AC0-648.56235241821,0,+ACI-+ACQ-15,678.93+ACI-,+AC0-3.97+ACU-,+AC0-12.07+ACU-,,,5.014
2016+AC0-01+AC0-12,0.245250624641894,0.183267310566211,0.293893495578433,0.277588561483485,,+AC0-1,2500,2226.58667881528,0.142,2084.48302161127,+AC0-142.103657204007,+AC0-1,+ACI-+ACQ-15,535.83+ACI-,+AC0-0.91+ACU-,+AC0-6.38+ACU-,,,4.694
2016+AC0-01+AC0-13,0.167937421191977,0.2232655518778,0.243261697324255,0.365535321410329,,+AC0-1,2084,0.483021611269578,0.000,0.480140357516798,+AC0-0.00288125375278,+AC0-1,+ACI-+ACQ-15,534.82+ACI-,0.00+ACU-,+AC0-0.60+ACU-,,,4.666
2016+AC0-01+AC0-14,0.210185102311124,0.241374415964291,0.380883377452187,0.167557105622817,,,,0.480140357516798,0.000,0.431776455237995,+AC0-0.048363902278803,0,+ACI-+ACQ-15,534.77+ACI-,0.00+ACU-,+AC0-10.07+ACU-,,,4.196
2016+AC0-01+AC0-15,0.177914297228304,0.223660312851208,0.486111524624463,0.112313876061532,,,,0.431776455237995,0.000,0.425808143892951,+AC0-0.005968311345044,0,+ACI-+ACQ-15,534.77+ACI-,0.00+ACU-,+AC0-1.38+ACU-,,,4.138
2016+AC0-01+AC0-19,0.183447403457536,0.238737511493503,0.400489221197023,0.177325864678487,,,,0.425808143892951,0.000,0.368594676516325,+AC0-0.057213467376627,0,+ACI-+ACQ-15,534.71+ACI-,0.00+ACU-,+AC0-13.44+ACU-,,,3.582
2016+AC0-01+AC0-20,0.251144686806671,0.258509042060945,0.368992074505762,0.121354206591773,,,,0.368594676516325,0.000,0.399671056278449,0.031076379762125,0,+ACI-+ACQ-15,534.74+ACI-,0.00+ACU-,8.43+ACU-,,,3.884
2016+AC0-01+AC0-21,0.213507274611906,0.159698207938861,0.300144922954098,0.326649593750078,,,,0.399671056278449,0.000,0.403375525389166,0.003704469110717,0,+ACI-+ACQ-15,534.75+ACI-,0.00+ACU-,0.93+ACU-,,,3.92
2016+AC0-01+AC0-22,0.296606459681717,0.026943712214391,0.261448327463838,0.415001501757642,,,,0.403375525389166,0.000,0.412636698165958,0.009261172776792,0,+ACI-+ACQ-15,534.76+ACI-,0.00+ACU-,2.30+ACU-,,,4.01
2016+AC0-01+AC0-25,0.075849255021608,0.254272452685666,0.163877194096312,0.506001102107968,,1,3200,3200.41263669817,0.206,3447.82608242795,247.413445729784,+AC0-1,+ACI-+ACQ-15,781.17+ACI-,1.59+ACU-,7.73+ACU-,,,4.32
2016+AC0-01+AC0-26,0.155339046604261,0.139978098612157,0.357139290811213,0.347543575334504,,1,3200,6647.82608242795,0.421,7552.66907698064,904.842994552693,+AC0-1,+ACI-+ACQ-16,685.01+ACI-,5.73+ACU-,13.61+ACU-,,,4.908
2016+AC0-01+AC0-27,0.209830388104175,0.172720838724524,0.229861898076524,0.38758687807501,,,,7552.66907698064,0.453,7949.69202357009,397.022946589447,0,+ACI-+ACQ-17,082.03+ACI-,2.38+ACU-,5.26+ACU-,,,5.166
2016+AC0-01+AC0-28,0.319746377418221,0.285633826397548,0.185443647700587,0.209176148669908,,,,7949.69202357009,0.465,7423.40579204454,+AC0-526.286231525547,0,+ACI-+ACQ-16,555.75+ACI-,+AC0-3.08+ACU-,+AC0-6.62+ACU-,,,4.824
2016+AC0-01+AC0-29,0.07481689913071,0.193851184283176,0.293096300323876,0.438235627158712,,+AC0-1,3200,4223.40579204454,0.255,4494.81039310877,271.404601064223,+AC0-1,+ACI-+ACQ-16,826.15+ACI-,1.64+ACU-,6.43+ACU-,,,5.134
2016+AC0-02+AC0-01,0.123977178300848,0.166650741831305,0.22755247929858,0.481819606343467,,1,3200,7694.81039310877,0.457,8393.2485783812,698.438185272436,+AC0-1,+ACI-+ACQ-17,523.59+ACI-,4.15+ACU-,9.08+ACU-,,,5.6
2016+AC0-02+AC0-02,0.145698523422852,0.047131119933411,0.20305841022907,0.604111959872279,,1,3200,11593.2485783812,0.662,10831.4065289447,+AC0-761.842049436478,+AC0-1,+ACI-+ACQ-16,760.75+ACI-,+AC0-4.35+ACU-,+AC0-6.57+ACU-,,,5.232
2016+AC0-02+AC0-03,0.135482590006748,0.242921107188406,0.199650104955447,0.421946210142857,,1,2500,13331.4065289447,0.795,16210.7049574056,2879.29842846092,+AC0-1,+ACI-+ACQ-19,639.05+ACI-,17.18+ACU-,21.60+ACU-,,,6.362
2016+AC0-02+AC0-04,0.277677735051223,0.204052110327786,0.144374975897949,0.373895191947824,,,,16210.7049574056,0.825,18779.1410776611,2568.43612025541,0,+ACI-+ACQ-22,207.48+ACI-,13.08+ACU-,15.84+ACU-,,,7.37
2016+AC0-02+AC0-05,0.197157743912532,0.223157034996185,0.344819181502339,0.234866052348064,,+AC0-1,5500,13279.1410776611,0.598,15506.1449273204,2227.0038496593,+AC0-1,+ACI-+ACQ-24,433.49+ACI-,10.03+ACU-,16.77+ACU-,,,8.606
2016+AC0-02+AC0-08,0.168907720503159,0.026288546964573,0.383673154591201,0.421130570676751,,+AC0-1,7000,8506.14492732035,0.348,9085.34559283392,579.200665513563,+AC0-1,+ACI-+ACQ-25,011.69+ACI-,2.37+ACU-,6.81+ACU-,,,9.192
2016+AC0-02+AC0-09,0.217595953364116,0.118181227996124,0.383929171770376,0.280293648452632,,,,9085.34559283392,0.363,8077.18061190587,+AC0-1008.16498092805,0,+ACI-+ACQ-24,003.52+ACI-,+AC0-4.03+ACU-,+AC0-11.10+ACU-,,,8.172
2016+AC0-02+AC0-10,0.277456190864869,0.150329823549948,0.255754173418002,0.316459805834189,,+AC0-1,2100,5977.18061190587,0.249,6348.7429896406,371.562377734725,+AC0-1,+ACI-+ACQ-24,374.09+ACI-,1.55+ACU-,6.22+ACU-,,,8.68
2016+AC0-02+AC0-11,0.100551885851573,0.164963069585639,0.264062541647771,0.470422513549558,,,,6348.7429896406,0.260,7703.33653996483,1354.59355032424,0,+ACI-+ACQ-25,728.68+ACI-,5.56+ACU-,21.34+ACU-,,,10.532
2016+AC0-02+AC0-12,0.190886853723493,0.232315883832674,0.232609282879417,0.34418797975068,,,,7703.33653996483,0.299,8319.19386684011,615.857326875275,0,+ACI-+ACQ-26,344.54+ACI-,2.39+ACU-,7.99+ACU-,,,11.374
2016+AC0-02+AC0-16,0.398024289647162,0.282438991182746,0.286128964842252,0.033407765107899,,+AC0-1,4000,4319.19386684011,0.164,3213.3830227889,+AC0-1105.8108440512,+AC0-1,+ACI-+ACQ-25,237.73+ACI-,+AC0-4.20+ACU-,+AC0-25.60+ACU-,,,8.462
2016+AC0-02+AC0-17,0.235623448103806,0.327919987666414,0.280126151754917,0.156330405210547,,+AC0-1,3200,13.3830227889043,0.001,14.6482577488575,1.26523495995314,+AC0-1,+ACI-+ACQ-25,237.99+ACI-,0.01+ACU-,9.45+ACU-,,,9.262
2016+AC0-02+AC0-18,0.213731533973226,0.348450800526864,0.282960669378228,0.154856986063398,,,,14.6482577488575,0.001,17.3084142521589,2.66015650330147,0,+ACI-+ACQ-25,240.65+ACI-,0.01+ACU-,18.16+ACU-,,,10.944
2016+AC0-02+AC0-19,0.273317894169871,0.224137528332515,0.408179366970925,0.094365221947033,,,,17.3084142521589,0.001,15.9229819710103,+AC0-1.38543228114869,0,+ACI-+ACQ-25,239.27+ACI-,+AC0-0.01+ACU-,+AC0-8.00+ACU-,,,10.068
2016+AC0-02+AC0-22,0.158358654594689,0.338884607912122,0.461990128679204,0.040766608883835,,,,15.9229819710103,0.001,16.2899001093967,0.366918138386414,0,+ACI-+ACQ-25,239.63+ACI-,0.00+ACU-,2.30+ACU-,,,10.3
2016+AC0-02+AC0-23,0.2075615988534,0.410183805466284,0.344364886928632,0.037889727215154,,,,16.2899001093967,0.001,17.2356632419616,0.94576313256497,0,+ACI-+ACQ-25,240.58+ACI-,0.00+ACU-,5.81+ACU-,,,10.898
2016+AC0-02+AC0-24,0.191390571807255,0.427530116168707,0.185143167088337,0.195936147915933,,,,17.2356632419616,0.001,17.7733880999417,0.537724857980084,0,+ACI-+ACQ-25,241.12+ACI-,0.00+ACU-,3.12+ACU-,,,11.238
2016+AC0-02+AC0-25,0.305417807631341,0.125266219313754,0.164644886677426,0.404671080044486,,1,4000,4017.77338809994,0.159,4205.82720569565,188.053817595709,+AC0-1,+ACI-+ACQ-25,428.17+ACI-,0.75+ACU-,4.68+ACU-,,,11.764
2016+AC0-02+AC0-26,0.17479407440377,0.134756107833581,0.49674588199644,0.193703944912815,,,,4205.82720569565,0.165,3759.64628486021,+AC0-446.180920835444,0,+ACI-+ACQ-24,981.99+ACI-,+AC0-1.75+ACU-,+AC0-10.61+ACU-,,,10.516
2016+AC0-02+AC0-29,0.109358803077411,0.193568914618745,0.400446089200861,0.296626194686231,,,,3759.64628486021,0.150,4150.05459059122,390.408305731014,0,+ACI-+ACQ-25,372.40+ACI-,1.56+ACU-,10.38+ACU-,,,11.608
2016+AC0-03+AC0-01,0.176186553904627,0.149528253240069,0.209979359157864,0.464305835746349,,1,4000,8150.05459059122,0.321,7186.76419618295,+AC0-963.290394408266,+AC0-1,+ACI-+ACQ-24,408.11+ACI-,+AC0-3.80+ACU-,+AC0-11.82+ACU-,,,10.236
2016+AC0-03+AC0-02,0.451437613574992,0.076801530813722,0.222279302846616,0.249481555744902,,+AC0-1,7186,0.764196182954038,0.000,0.819442878478264,0.055246695524227,+AC0-1,+ACI-+ACQ-24,407.16+ACI-,0.00+ACU-,7.23+ACU-,,,10.976
2016+AC0-03+AC0-03,0.102184672495282,0.157940178205021,0.452085380074448,0.28778977546511,,,,0.819442878478264,0.000,0.920081453568343,0.100638575090079,0,+ACI-+ACQ-24,407.26+ACI-,0.00+ACU-,12.28+ACU-,,,12.324
2016+AC0-03+AC0-04,0.262336793934958,0.317151261836505,0.351636596582642,0.068875349229144,,,,0.920081453568343,0.000,0.906792383563867,+AC0-0.013289070004476,0,+ACI-+ACQ-24,407.25+ACI-,0.00+ACU-,+AC0-1.44+ACU-,,,12.146
2016+AC0-03+AC0-07,0.203639870105894,0.286509708664498,0.305148996223029,0.204701439395513,,+AC0-1,2500,+AC0-2499.09320761644,+AC0-0.102,+AC0-2246.42677760219,+AC0-252.666430014242,+AC0-1,+ACI-+ACQ-24,153.58+ACI-,+AC0-1.04+ACU-,10.11+ACU-,,,13.374
2016+AC0-03+AC0-08,0.351482274584096,0.325040380792216,0.235657045578542,0.087820290849508,,1,2250,3.57322239780569,0.000,3.07093003143253,+AC0-0.502292366373165,+AC0-1,+ACI-+ACQ-24,152.08+ACI-,0.00+ACU-,+AC0-14.06+ACU-,,,11.494
2016+AC0-03+AC0-09,0.155198388997969,0.313213137136642,0.52726881037659,0.004319663558649,,+AC0-1,2500,+AC0-2496.92906996857,+AC0-0.103,+AC0-2473.90188348721,+AC0-23.0271864813526,+AC0-1,+ACI-+ACQ-24,128.05+ACI-,+AC0-0.10+ACU-,0.92+ACU-,,,11.6
2016+AC0-03+AC0-10,0.230346334583997,0.299982462897303,0.251633639059331,0.218037569233568,,,,+AC0-2473.90188348721,+AC0-0.103,+AC0-2137.36592037145,+AC0-336.535963115761,0,+ACI-+ACQ-23,791.52+ACI-,+AC0-1.39+ACU-,13.60+ACU-,,,13.178
2016+AC0-03+AC0-11,0.144042598633809,0.2199639356021,0.337869561656439,0.29812391267582,,,,+AC0-2137.36592037145,+AC0-0.090,+AC0-2271.6608803098,134.29495993835,0,+ACI-+ACQ-23,925.81+ACI-,0.56+ACU-,+AC0-6.28+ACU-,,,12.35
2016+AC0-03+AC0-14,0.215818433803935,0.240186059121663,0.260216203181054,0.283779308736226,,1,2270,+AC0-1.66088030980336,0.000,+AC0-1.86852396958768,0.207643659784323,+AC0-1,+ACI-+ACQ-23,925.02+ACI-,0.00+ACU-,+AC0-12.50+ACU-,,,10.806
2016+AC0-03+AC0-15,0.193922660520045,0.249891439781106,0.163702611709765,0.392483295509512,,,,+AC0-1.86852396958768,0.000,+AC0-1.75336230349983,+AC0-0.115161666087858,0,+ACI-+ACQ-23,924.90+ACI-,0.00+ACU-,6.16+ACU-,,,11.472
2016+AC0-03+AC0-16,0.117516284697767,0.193439379271069,0.221797307401031,0.46724702602243,,,,+AC0-1.75336230349983,0.000,+AC0-1.39786014886763,+AC0-0.3555021546322,0,+ACI-+ACQ-23,924.55+ACI-,0.00+ACU-,20.28+ACU-,,,13.798
2016+AC0-03+AC0-17,0.378545553370079,0.188598096073381,0.238904887163787,0.19395146451034,,1,3500,3498.60213985113,0.146,3279.02035603383,+AC0-219.581783817298,+AC0-1,+ACI-+ACQ-23,703.97+ACI-,+AC0-0.92+ACU-,+AC0-6.28+ACU-,,,12.932
2016+AC0-03+AC0-18,0.330303102247024,0.433322454993945,0.11209158021052,0.124282864597421,,,,3279.02035603383,0.138,3363.20182511853,84.1814690846909,0,+ACI-+ACQ-23,788.15+ACI-,0.36+ACU-,2.57+ACU-,,,13.264
2016+AC0-03+AC0-21,0.213710080976919,0.193062768369334,0.219259635209013,0.373967506317772,,+AC0-1,3360,3.20182511852499,0.000,3.19506613908299,+AC0-0.006758979442001,+AC0-1,+ACI-+ACQ-23,787.14+ACI-,0.00+ACU-,+AC0-0.21+ACU-,,,13.236
2016+AC0-03+AC0-22,0.099886758438862,0.317643394611143,0.268776366471137,0.313693486253057,,,,3.19506613908299,0.000,3.20134233427914,0.006276195196144,0,+ACI-+ACQ-23,787.15+ACI-,0.00+ACU-,0.20+ACU-,,,13.262
2016+AC0-03+AC0-23,0.163852549537354,0.092760832598853,0.508139046460189,0.235247566001933,,,,3.20134233427914,0.000,2.4786143182309,+AC0-0.722728016048238,0,+ACI-+ACQ-23,786.43+ACI-,0.00+ACU-,+AC0-22.58+ACU-,,,10.268
2016+AC0-03+AC0-24,0.14591343392349,0.546978119225313,0.287112024755991,0.019996424973575,,,,2.4786143182309,0.000,2.63648476662621,0.157870448395307,0,+ACI-+ACQ-23,786.58+ACI-,0.00+ACU-,6.37+ACU-,,,10.922
2016+AC0-03+AC0-28,0.323584039055627,0.076545268935704,0.283545054743062,0.316325642574146,,,,2.63648476662621,0.000,2.63165692416763,+AC0-0.004827842458572,0,+ACI-+ACQ-23,786.58+ACI-,0.00+ACU-,+AC0-0.18+ACU-,,,10.902
2016+AC0-03+AC0-29,0.105511591150725,0.231038601330982,0.17210889811873,0.491340919364715,,,,2.63165692416763,0.000,3.06954223516012,0.437885310992487,0,+ACI-+ACQ-23,787.02+ACI-,0.00+ACU-,16.64+ACU-,,,12.716
2016+AC0-03+AC0-30,0.0946566452471,0.289475291005932,0.175207881063535,0.440660192182923,,,,3.06954223516012,0.000,2.93291429358253,+AC0-0.136627941577589,0,+ACI-+ACQ-23,786.88+ACI-,0.00+ACU-,+AC0-4.45+ACU-,,,12.15
2016+AC0-03+AC0-31,0.278685613069548,0.058434771012927,0.210920293528695,0.451959337476256,,1,3500,3502.93291429358,0.147,3375.50111609459,+AC0-127.431798198993,+AC0-1,+ACI-+ACQ-23,658.45+ACI-,+AC0-0.54+ACU-,+AC0-3.64+ACU-,,,11.708
2016+AC0-04+AC0-01,0.117475422796358,0.335292739640958,0.181900631251559,0.365331216276278,,1,3500,6875.50111609459,0.291,7017.61516376241,142.114047667824,+AC0-1,+ACI-+ACQ-23,799.56+ACI-,0.60+ACU-,2.07+ACU-,,,11.95
2016+AC0-04+AC0-04,0.185860825275701,0.044631326344435,0.308370544751886,0.461137306957456,,1,2500,9517.61516376241,0.400,8713.19748046534,+AC0-804.417683297075,+AC0-1,+ACI-+ACQ-22,994.14+ACI-,+AC0-3.38+ACU-,+AC0-8.45+ACU-,,,10.94
2016+AC0-04+AC0-05,0.224575659773599,0.219176289552015,0.190195470821618,0.366052584695646,,1,4500,13213.1974804653,0.575,14365.4269499684,1152.2294695031,+AC0-1,+ACI-+ACQ-24,145.37+ACI-,5.01+ACU-,8.72+ACU-,,,11.894
2016+AC0-04+AC0-06,0.185877868559559,0.218491413630204,0.226974760442676,0.368655973386309,,1,2500,16865.4269499684,0.698,16964.6853900641,99.2584400956585,+AC0-1,+ACI-+ACQ-24,243.63+ACI-,0.41+ACU-,0.59+ACU-,,,11.964
2016+AC0-04+AC0-07,0.142601320729903,0.042628523534059,0.102577077557206,0.712193075803959,,,,16964.6853900641,0.700,18513.1170555564,1548.43166549231,0,+ACI-+ACQ-25,792.06+ACI-,6.39+ACU-,9.13+ACU-,,,13.056
2016+AC0-04+AC0-08,0.104391177932537,0.243333792145548,0.254602272741694,0.397672755503841,,1,2500,21013.1170555564,0.815,22938.0318838687,1924.91482831231,+AC0-1,+ACI-+ACQ-27,715.98+ACI-,7.46+ACU-,9.16+ACU-,,,14.252
2016+AC0-04+AC0-11,0.1385110813086,0.224174587995744,0.37673091552992,0.260583419542953,,,,22938.0318838687,0.828,27051.8146815954,4113.78279772666,0,+ACI-+ACQ-31,829.76+ACI-,14.84+ACU-,17.93+ACU-,,,16.808001
2016+AC0-04+AC0-12,0.183463008099473,0.141100155778868,0.172445935501239,0.502990903134991,,+AC0-1,10000,17051.8146815954,0.536,17479.9351192261,428.120437630776,+AC0-1,+ACI-+ACQ-32,256.88+ACI-,1.35+ACU-,2.51+ACU-,,,17.23
2016+AC0-04+AC0-13,0.130224476236163,0.196704219247621,0.466902024043892,0.206169281589911,,1,2500,19979.9351192261,0.619,18333.3008842116,+AC0-1646.63423501458,+AC0-1,+ACI-+ACQ-30,609.25+ACI-,+AC0-5.10+ACU-,+AC0-8.24+ACU-,,,15.81
2016+AC0-04+AC0-14,0.226946548879583,0.256217211211961,0.262665688202166,0.254170553755198,,+AC0-1,5000,13333.3008842116,0.436,12176.2301180422,+AC0-1157.07076616941,+AC0-1,+ACI-+ACQ-29,451.18+ACI-,+AC0-3.78+ACU-,+AC0-8.68+ACU-,,,14.438
2016+AC0-04+AC0-15,0.165291884108898,0.305395382025889,0.35453095457593,0.174781777612902,,+AC0-1,10000,2176.23011804217,0.074,2354.99510765278,178.764989610612,+AC0-1,+ACI-+ACQ-29,628.94+ACI-,0.61+ACU-,8.21+ACU-,,,15.624
2016+AC0-04+AC0-18,0.318400746946403,0.155545830809515,0.217962470945174,0.30809095800443,,,,2354.99510765278,0.079,2351.37760364717,+AC0-3.61750400561095,0,+ACI-+ACQ-29,625.32+ACI-,+AC0-0.01+ACU-,+AC0-0.15+ACU-,,,15.6
2016+AC0-04+AC0-19,0.109083452636951,0.047962296774196,0.26215218597829,0.580802060140214,,,,2351.37760364717,0.079,2689.31261877533,337.935015128164,0,+ACI-+ACQ-29,963.26+ACI-,1.14+ACU-,14.37+ACU-,,,17.841999
2016+AC0-04+AC0-20,0.141510278624015,0.134916382588821,0.266327051672235,0.457246291492145,,1,3500,6189.31261877533,0.207,5855.59896150734,+AC0-333.713657267993,+AC0-1,+ACI-+ACQ-29,628.55+ACI-,+AC0-1.11+ACU-,+AC0-5.39+ACU-,,,16.879999
2016+AC0-04+AC0-21,0.403562939493844,0.02657793587286,0.255117547094412,0.314741586339882,,1,6000,11855.5989615073,0.400,12470.8554198447,615.256458337371,+AC0-1,+ACI-+ACQ-30,242.80+ACI-,2.08+ACU-,5.19+ACU-,,,17.756001
2016+AC0-04+AC0-22,0.167326663741906,0.035615744672707,0.107064592617492,0.689992987046966,,,,12470.8554198447,0.412,11438.4054662272,+AC0-1032.44995361752,0,+ACI-+ACQ-29,210.35+ACI-,+AC0-3.41+ACU-,+AC0-8.28+ACU-,,,16.285999
2016+AC0-04+AC0-25,0.101066937821076,0.123436016862083,0.355935634138223,0.41956140670827,,1,6000,17438.4054662272,0.597,17100.0461989251,+AC0-338.359267302076,+AC0-1,+ACI-+ACQ-28,870.99+ACI-,+AC0-1.16+ACU-,+AC0-1.94+ACU-,,,15.97
2016+AC0-04+AC0-26,0.225459989810564,0.152324480069588,0.22674049794829,0.395475042602371,,,,17100.0461989251,0.592,18312.1460860345,1212.09988710939,0,+ACI-+ACQ-30,083.09+ACI-,4.20+ACU-,7.09+ACU-,,,17.101999
2016+AC0-04+AC0-27,0.170193689648724,0.040915729416063,0.321401326875637,0.467489244932615,,,,18312.1460860345,0.609,18890.3578610793,578.21177504482,0,+ACI-+ACQ-30,661.31+ACI-,1.92+ACU-,3.16+ACU-,,,17.642
2016+AC0-04+AC0-28,0.288602505529137,0.218930212113164,0.104889679145656,0.387577610848888,,,,18890.3578610793,0.616,21393.7960585175,2503.43819743813,0,+ACI-+ACQ-33,164.74+ACI-,8.16+ACU-,13.25+ACU-,,,19.98
2016+AC0-04+AC0-29,0.079592206995184,0.2849531415331,0.214971734859818,0.420482910278905,,,,21393.7960585175,0.645,25499.0909881751,4105.29492965765,0,+ACI-+ACQ-37,270.04+ACI-,12.38+ACU-,19.19+ACU-,,,23.813999
2016+AC0-05+AC0-02,0.214863876802154,0.158961349414465,0.313151286044618,0.313023490718996,,1,4000,29499.0909881751,0.791,27968.0219534706,+AC0-1531.06903470452,+AC0-1,+ACI-+ACQ-35,737.97+ACI-,+AC0-4.11+ACU-,+AC0-5.19+ACU-,,,22.577999
2016+AC0-05+AC0-03,0.166949535867188,0.153531763981385,0.189613922763356,0.489904784559255,,+AC0-1,10000,17968.0219534706,0.503,16483.0227293518,+AC0-1484.99922411876,+AC0-1,+ACI-+ACQ-34,251.97+ACI-,+AC0-4.16+ACU-,+AC0-8.26+ACU-,,,20.712
2016+AC0-05+AC0-04,0.275322819761083,0.037352082221192,0.265743631942057,0.421581475575158,,,,16483.0227293518,0.481,13947.5395843761,+AC0-2535.48314497575,0,+ACI-+ACQ-31,716.49+ACI-,+AC0-7.40+ACU-,+AC0-15.38+ACU-,,,17.525999
2016+AC0-05+AC0-05,0.071864446481605,0.032441911306481,0.171603564324199,0.724090079005302,,,,13947.5395843761,0.440,15324.3096832475,1376.77009887139,0,+ACI-+ACQ-33,093.26+ACI-,4.34+ACU-,9.87+ACU-,,,19.256001
2016+AC0-05+AC0-06,0.081641043441745,0.222083819609049,0.186699917194803,0.509575225295772,,1,7000,22324.3096832475,0.675,24976.8864334912,2652.57675024374,+AC0-1,+ACI-+ACQ-35,744.83+ACI-,8.02+ACU-,11.88+ACU-,,,21.544001
2016+AC0-05+AC0-09,0.265160100392636,0.119449381373016,0.465497390276698,0.149893141182431,,,,24976.8864334912,0.699,20207.3482328446,+AC0-4769.53820064664,0,+ACI-+ACQ-30,975.30+ACI-,+AC0-13.34+ACU-,+AC0-19.10+ACU-,,,17.43
2016+AC0-05+AC0-10,0.137968418368959,0.168293629530823,0.546095573902496,0.147642392120995,,,,20207.3482328446,0.652,22393.8691030193,2186.52087017469,0,+ACI-+ACQ-33,161.82+ACI-,7.06+ACU-,10.82+ACU-,,,19.316
2016+AC0-05+AC0-11,0.18168887945761,0.040217027220335,0.449450998667806,0.32864310438657,,,,22393.8691030193,0.675,24197.8067880627,1803.93768504338,0,+ACI-+ACQ-34,965.75+ACI-,5.44+ACU-,8.06+ACU-,,,20.872
2016+AC0-05+AC0-12,0.183567034419888,0.176056430874119,0.312960992043178,0.327415549368338,,,,24197.8067880627,0.692,22681.3850040174,+AC0-1516.42178404527,0,+ACI-+ACQ-33,449.33+ACI-,+AC0-4.34+ACU-,+AC0-6.27+ACU-,,,19.563999
2016+AC0-05+AC0-13,0.190674186295314,0.281078971822159,0.276313186657384,0.251933665655956,,+AC0-1,15000,7681.38500401739,0.230,7920.88882600366,239.503821986274,+AC0-1,+ACI-+ACQ-33,687.84+ACI-,0.72+ACU-,3.12+ACU-,,,20.174
2016+AC0-05+AC0-16,0.278565674686105,0.208620069602537,0.416124498071359,0.096689770166288,,+AC0-1,7920,0.888826003659233,0.000,0.938435262670549,0.049609259011316,+AC0-1,+ACI-+ACQ-33,686.89+ACI-,0.00+ACU-,5.58+ACU-,,,21.299999
2016+AC0-05+AC0-17,0.273104016359065,0.287589498282087,0.330038112632067,0.109268381294949,,,,0.938435262670549,0.000,0.977734994764533,0.039299732093984,0,+ACI-+ACQ-33,686.93+ACI-,0.00+ACU-,4.19+ACU-,,,22.191999
2016+AC0-05+AC0-18,0.23242628353353,0.28443200160243,0.479542904336175,0.003598804253079,,,,0.977734994764533,0.000,0.746078097847003,+AC0-0.23165689691753,0,+ACI-+ACQ-33,686.69+ACI-,0.00+ACU-,+AC0-23.69+ACU-,,,16.934
2016+AC0-05+AC0-19,0.225738990605677,0.150143381529603,0.366778929525662,0.257338695032862,,,,0.746078097847003,0.000,0.783174886101939,0.037096788254936,0,+ACI-+ACQ-33,686.73+ACI-,0.00+ACU-,4.97+ACU-,,,17.775999
2016+AC0-05+AC0-20,0.178712804490433,0.350798822122589,0.467282072937748,0.00320631018155,,,,0.783174886101939,0.000,0.788638121616946,0.005463235515007,0,+ACI-+ACQ-33,686.74+ACI-,0.00+ACU-,0.70+ACU-,,,17.9
2016+AC0-05+AC0-23,0.221988008364023,0.511426579226692,0.234365457777838,0.032219956680358,,,,0.788638121616946,0.000,0.761762788346096,+AC0-0.02687533327085,0,+ACI-+ACQ-33,686.71+ACI-,0.00+ACU-,+AC0-3.41+ACU-,,,17.290001
2016+AC0-05+AC0-24,0.26791607260256,0.472241091121469,0.15774892828655,0.102093908175686,,,,0.761762788346096,0.000,0.638840936505347,+AC0-0.122921851840749,0,+ACI-+ACQ-33,686.59+ACI-,0.00+ACU-,+AC0-16.14+ACU-,,,14.5
2016+AC0-05+AC0-25,0.283255906436459,0.550901607165076,0.161112195788634,0.004730292571429,,+AC0-1,5500,+AC0-5499.36115906349,+AC0-0.163,+AC0-5116.30220936321,+AC0-383.058949700285,+AC0-1,+ACI-+ACQ-33,302.53+ACI-,+AC0-1.14+ACU-,6.97+ACU-,,,15.51
2016+AC0-05+AC0-26,0.286387283551403,0.21825987557282,0.114721265555262,0.380631590407941,,,,+AC0-5116.30220936321,+AC0-0.154,+AC0-5144.67113199411,28.3689226308989,0,+ACI-+ACQ-33,330.90+ACI-,0.09+ACU-,+AC0-0.55+ACU-,,,15.424
2016+AC0-05+AC0-27,0.399494162518407,0.345489323327831,0.174906481200609,0.080110036282631,,,,+AC0-5144.67113199411,+AC0-0.154,+AC0-5561.60830231261,416.937170318506,0,+ACI-+ACQ-33,747.83+ACI-,1.25+ACU-,+AC0-8.10+ACU-,,,14.174
2016+AC0-05+AC0-31,0.340842229952927,0.449734864702923,0.017173353750364,0.192249552711374,,+AC0-1,5500,+AC0-11061.6083023126,+AC0-0.328,+AC0-10718.2255131905,+AC0-343.382789122164,+AC0-1,+ACI-+ACQ-33,403.45+ACI-,+AC0-1.02+ACU-,3.10+ACU-,,,14.614
2016+AC0-06+AC0-01,0.32608144352067,0.164641263432261,0.095132128245617,0.414145163125072,,,,+AC0-10718.2255131905,+AC0-0.321,+AC0-10523.1353266222,+AC0-195.090186568268,0,+ACI-+ACQ-33,208.36+ACI-,+AC0-0.58+ACU-,1.82+ACU-,,,14.88
2016+AC0-06+AC0-02,0.182079321572165,0.217600495827071,0.408252534702664,0.192067665313832,,,,+AC0-10523.1353266222,+AC0-0.317,+AC0-10446.7577315096,+AC0-76.377595112579,0,+ACI-+ACQ-33,131.98+ACI-,+AC0-0.23+ACU-,0.73+ACU-,,,14.988
2016+AC0-06+AC0-03,0.301240114201869,0.217028507872434,0.229049217794762,0.25268217149307,,1,10500,53.2422684903959,0.002,70.9754820148192,17.7332135244233,+AC0-1,+ACI-+ACQ-33,148.72+ACI-,0.05+ACU-,33.31+ACU-,,,19.98
2016+AC0-06+AC0-06,0.15106562804243,0.371002169827442,0.468625789101553,0.009306410886533,,,,70.9754820148192,0.002,71.8138310516308,0.838349036811678,0,+ACI-+ACQ-33,149.55+ACI-,0.00+ACU-,1.18+ACU-,,,20.216
2016+AC0-06+AC0-07,0.139585059816051,0.234705811231393,0.34488007890283,0.280829054892603,,,,71.8138310516308,0.002,69.2703653297785,+AC0-2.54346572185239,0,+ACI-+ACQ-33,147.01+ACI-,+AC0-0.01+ACU-,+AC0-3.54+ACU-,,,19.5
2016+AC0-06+AC0-08,0.239597252329884,0.145969543137047,0.516392032868166,0.098041169872107,,,,69.2703653297785,0.002,75.927428606618,6.65706327683949,0,+ACI-+ACQ-33,153.67+ACI-,0.02+ACU-,9.61+ACU-,,,21.374001
2016+AC0-06+AC0-09,0.338074702599813,0.15435576949997,0.276496393200019,0.231073129298526,,,,75.927428606618,0.002,79.3731816886446,3.44575308202667,0,+ACI-+ACQ-33,157.11+ACI-,0.01+ACU-,4.54+ACU-,,,22.344
2016+AC0-06+AC0-10,0.322973545769994,0.068554358438722,0.343629471946693,0.264842638000693,,,,79.3731816886446,0.002,75.9345261548195,+AC0-3.43865553382517,0,+ACI-+ACQ-33,153.67+ACI-,+AC0-0.01+ACU-,+AC0-4.33+ACU-,,,21.375999
2016+AC0-06+AC0-13,0.166211374223415,0.097770477522446,0.282648462962264,0.453369701310623,,,,75.9345261548195,0.002,75.5935099224642,+AC0-0.341016232355301,0,+ACI-+ACQ-33,153.33+ACI-,0.00+ACU-,+AC0-0.45+ACU-,,,21.280001
2016+AC0-06+AC0-14,0.156741801032483,0.471585394199951,0.327004363915783,0.044668443832016,,,,75.5935099224642,0.002,70.6912959006457,+AC0-4.90221402181844,0,+ACI-+ACQ-33,148.43+ACI-,+AC0-0.01+ACU-,+AC0-6.48+ACU-,,,19.9
2016+AC0-06+AC0-15,0.381689537281243,0.147297222254627,0.104833619582697,0.366179627212243,,,,70.6912959006457,0.002,78.9397978645301,8.24850196388439,0,+ACI-+ACQ-33,156.68+ACI-,0.02+ACU-,11.67+ACU-,,,22.222
2016+AC0-06+AC0-16,0.223471652213313,0.254770025985633,0.344159088686739,0.177599243545128,,,,78.9397978645301,0.002,71.5722764069098,+AC0-7.36752145762027,0,+ACI-+ACQ-33,149.31+ACI-,+AC0-0.02+ACU-,+AC0-9.33+ACU-,,,20.148001
2016+AC0-06+AC0-17,0.34374247072178,0.172770413123055,0.251116892584471,0.232370226550927,,,,71.5722764069098,0.002,73.9594362136404,2.38715980673055,0,+ACI-+ACQ-33,151.70+ACI-,0.01+ACU-,3.34+ACU-,,,20.82
2016+AC0-06+AC0-20,0.172961756044966,0.345538937280465,0.477041326002971,0.004457970118549,,,,73.9594362136404,0.002,72.6592847412969,+AC0-1.30015147234353,0,+ACI-+ACQ-33,150.40+ACI-,0.00+ACU-,+AC0-1.76+ACU-,,,20.454
2016+AC0-06+AC0-21,0.193272936812752,0.412807541679562,0.296668970887585,0.097250551737689,,,,72.6592847412969,0.002,66.5919112036937,+AC0-6.06737353760316,0,+ACI-+ACQ-33,144.33+ACI-,+AC0-0.02+ACU-,+AC0-8.35+ACU-,,,18.746
2016+AC0-06+AC0-22,0.167777010916852,0.505984331938981,0.31711303264711,0.009125625600092,,,,66.5919112036937,0.002,71.0039041785629,4.41199297486925,0,+ACI-+ACQ-33,148.74+ACI-,0.01+ACU-,6.63+ACU-,,,19.988001
2016+AC0-06+AC0-23,0.26620030331036,0.464712164907455,0.268437940048386,0.000649590115627,,,,71.0039041785629,0.002,68.900923381353,+AC0-2.10298079720997,0,+ACI-+ACQ-33,146.64+ACI-,+AC0-0.01+ACU-,+AC0-2.96+ACU-,,,19.396
2016+AC0-06+AC0-24,0.157292383808633,0.381957811437363,0.455739113146619,0.005010712748407,,+AC0-1,3600,+AC0-3531.09907661865,+AC0-0.107,+AC0-2913.21117204333,+AC0-617.887904575312,+AC0-1,+ACI-+ACQ-32,527.75+ACI-,+AC0-1.86+ACU-,17.50+ACU-,,,22.790001
2016+AC0-06+AC0-27,0.353979364456845,0.542756015756759,0.013477816044921,0.089786816733425,,,,+AC0-2913.21117204333,+AC0-0.090,+AC0-2805.32393547829,+AC0-107.887236565044,0,+ACI-+ACQ-32,419.87+ACI-,+AC0-0.33+ACU-,3.70+ACU-,,,23.634001
2016+AC0-06+AC0-28,0.292106342697294,0.457895244263947,0.14891635072005,0.101082080200103,,,,+AC0-2805.32393547829,+AC0-0.087,+AC0-2936.36724146647,131.043305988184,0,+ACI-+ACQ-32,550.91+ACI-,0.40+ACU-,+AC0-4.67+ACU-,,,22.530001
2016+AC0-06+AC0-29,0.188930533278683,0.414588734802054,0.286289630167094,0.110191103801079,,,,+AC0-2936.36724146647,+AC0-0.090,+AC0-2758.33463882807,+AC0-178.03260263841,0,+ACI-+ACQ-32,372.88+ACI-,+AC0-0.55+ACU-,6.06+ACU-,,,23.896
2016+AC0-06+AC0-30,0.304043166243164,0.468985863054395,0.195211327616893,0.031759628690793,,,,+AC0-2758.33463882807,+AC0-0.085,+AC0-2605.04240754675,+AC0-153.292231281315,0,+ACI-+ACQ-32,219.58+ACI-,+AC0-0.47+ACU-,5.56+ACU-,,,25.224001
2016+AC0-07+AC0-01,0.186377461469097,0.354079176458195,0.351868274950342,0.107675092430905,,,,+AC0-2605.04240754675,+AC0-0.081,+AC0-2226.22490964707,+AC0-378.817497899681,0,+ACI-+ACQ-31,840.77+ACI-,+AC0-1.18+ACU-,14.54+ACU-,,,28.892
2016+AC0-07+AC0-05,0.306417786474052,0.186354599016113,0.352361204173111,0.154866406332037,,1,2226,+AC0-0.224909647068671,0.000,+AC0-0.210399339473293,+AC0-0.014510307595378,+AC0-1,+ACI-+ACQ-31,839.75+ACI-,0.00+ACU-,6.45+ACU-,,,30.756001
2016+AC0-07+AC0-06,0.374614564085485,0.064474563295231,0.324418117842051,0.236492749841224,,,,+AC0-0.210399339473293,0.000,+AC0-0.191340543455786,+AC0-0.019058796017508,0,+ACI-+ACQ-31,839.73+ACI-,0.00+ACU-,9.06+ACU-,,,33.542
2016+AC0-07+AC0-07,0.162623450074028,0.347840289215482,0.399738633532643,0.089797623871652,,,,+AC0-0.191340543455786,0.000,+AC0-0.208762099366984,0.017421555911199,0,+ACI-+ACQ-31,839.75+ACI-,0.00+ACU-,+AC0-9.10+ACU-,,,30.488001
2016+AC0-07+AC0-08,0.101932383010312,0.335017742320724,0.457305399107558,0.10574447202238,,,,+AC0-0.208762099366984,0.000,+AC0-0.189260852254293,+AC0-0.019501247112691,0,+ACI-+ACQ-31,839.73+ACI-,0.00+ACU-,9.34+ACU-,,,33.335999
2016+AC0-07+AC0-11,0.354368244717551,0.376534748571955,0.191631833764052,0.077465174064029,,,,+AC0-0.189260852254293,0.000,+AC0-0.187852858432962,+AC0-0.001407993821332,0,+ACI-+ACQ-31,839.73+ACI-,0.00+ACU-,0.74+ACU-,,,33.584
2016+AC0-07+AC0-12,0.12783160258221,0.393596623988642,0.449042549793103,0.029529219165696,,+AC0-1,3600,+AC0-3600.18785285843,+AC0-0.113,+AC0-4013.97779782764,413.789944969202,+AC0-1,+ACI-+ACQ-32,252.52+ACI-,1.30+ACU-,+AC0-11.49+ACU-,,,29.724001
2016+AC0-07+AC0-13,0.230530461456969,0.506791724478798,0.235464087109751,0.027213744835874,,,,+AC0-4013.97779782764,+AC0-0.124,+AC0-3641.26287556652,+AC0-372.714922261114,0,+ACI-+ACQ-31,879.81+ACI-,+AC0-1.16+ACU-,9.29+ACU-,,,32.484001
2016+AC0-07+AC0-14,0.233688201469063,0.273989612353209,0.404356432474819,0.087965745187128,,,,+AC0-3641.26287556652,+AC0-0.114,+AC0-3693.49858565504,52.2357100885174,0,+ACI-+ACQ-31,932.04+ACI-,0.16+ACU-,+AC0-1.43+ACU-,,,32.018002
2016+AC0-07+AC0-15,0.401031838475468,0.077049277204415,0.440493267688343,0.081425630322217,,,,+AC0-3693.49858565504,+AC0-0.116,+AC0-3816.00799703122,122.509411376182,0,+ACI-+ACQ-32,054.55+ACI-,0.38+ACU-,+AC0-3.32+ACU-,,,30.955999
2016+AC0-07+AC0-18,0.261970994715513,0.235289997885428,0.333767370930095,0.168971625479358,,+AC0-1,6400,+AC0-10216.0079970312,+AC0-0.319,+AC0-10072.1202257881,+AC0-143.8877712431,+AC0-1,+ACI-+ACQ-31,909.66+ACI-,+AC0-0.45+ACU-,1.41+ACU-,,,31.392
2016+AC0-07+AC0-19,0.12306208498386,0.180788101472814,0.343676204099708,0.35247360497327,,,,+AC0-10072.1202257881,+AC0-0.316,+AC0-10400.0285081096,327.908282321459,0,+ACI-+ACQ-32,237.57+ACI-,1.03+ACU-,+AC0-3.26+ACU-,,,30.370001
2016+AC0-07+AC0-20,0.235477051601638,0.331587270504082,0.399930660573597,0.033005024724698,,,,+AC0-10400.0285081096,+AC0-0.323,+AC0-12221.146722961,1821.1182148514,0,+ACI-+ACQ-34,058.69+ACI-,5.65+ACU-,+AC0-17.51+ACU-,,,25.052
2016+AC0-07+AC0-21,0.432284867565195,0.279435665497606,0.264457411400132,0.023822046642937,,,,+AC0-12221.146722961,+AC0-0.359,+AC0-11070.8408003703,+AC0-1150.30592259069,0,+ACI-+ACQ-32,908.38+ACI-,+AC0-3.38+ACU-,9.41+ACU-,,,27.41
2016+AC0-07+AC0-22,0.13982945088217,0.397076830203352,0.453343866805892,0.009749872783947,,+AC0-1,6400,+AC0-17470.8408003703,+AC0-0.531,+AC0-17588.1204321568,117.279631786507,+AC0-1,+ACI-+ACQ-33,024.66+ACI-,0.36+ACU-,+AC0-0.67+ACU-,,,27.226
2016+AC0-07+AC0-25,0.141208642206225,0.428578087992901,0.213703512452706,0.216509760677646,,,,+AC0-17588.1204321568,+AC0-0.533,+AC0-19447.3215856038,1859.20115344697,0,+ACI-+ACQ-34,883.86+ACI-,5.63+ACU-,+AC0-10.57+ACU-,,,24.348
2016+AC0-07+AC0-26,0.125293544779777,0.489707431591148,0.370750699897281,0.014248319959938,,,,+AC0-19447.3215856038,+AC0-0.557,+AC0-17964.8906318137,+AC0-1482.43095379007,0,+ACI-+ACQ-33,401.43+ACI-,+AC0-4.25+ACU-,7.62+ACU-,,,26.204
2016+AC0-07+AC0-27,0.213030458309876,0.232549329146673,0.542743352240293,0.011676867503446,,,,+AC0-17964.8906318137,+AC0-0.538,+AC0-15521.4899978729,+AC0-2443.40063394077,0,+ACI-+ACQ-30,958.03+ACI-,+AC0-7.32+ACU-,13.60+ACU-,,,29.768
2016+AC0-07+AC0-28,0.339468893119743,0.392629539440059,0.157880277023949,0.110021298984416,,,,+AC0-15521.4899978729,+AC0-0.501,+AC0-15566.332233203,44.842235330123,0,+ACI-+ACQ-31,002.87+ACI-,0.14+ACU-,+AC0-0.29+ACU-,,,29.681999
2016+AC0-07+AC0-29,0.361502627416298,0.489596857501545,0.032708782105458,0.116191726643704,,,,+AC0-15566.332233203,+AC0-0.502,+AC0-14297.1941560467,+AC0-1269.13807715632,0,+ACI-+ACQ-29,733.74+ACI-,+AC0-4.09+ACU-,8.15+ACU-,,,32.102001
2016+AC0-08+AC0-01,0.158345053994777,0.48278017528746,0.229415889945808,0.129458893065413,,+AC0-1,7000,+AC0-21297.1941560467,+AC0-0.716,+AC0-20511.7030806969,+AC0-785.491075349815,+AC0-1,+ACI-+ACQ-28,947.25+ACI-,+AC0-2.64+ACU-,3.69+ACU-,,,33.285999
2016+AC0-08+AC0-02,0.470024795553338,0.11717158829195,0.137915577125243,0.274888040147056,,,,+AC0-20511.7030806969,+AC0-0.709,+AC0-19782.090084225,+AC0-729.612996471922,0,+ACI-+ACQ-28,217.63+ACI-,+AC0-2.52+ACU-,3.56+ACU-,,,34.470001
2016+AC0-08+AC0-03,0.426723992905692,0.060248707911066,0.329174151941585,0.183853138507597,,+AC0-1,4000,+AC0-23782.090084225,+AC0-0.843,+AC0-24590.6956122841,808.605528059077,+AC0-1,+ACI-+ACQ-29,025.24+ACI-,2.87+ACU-,+AC0-3.40+ACU-,,,33.298
2016+AC0-08+AC0-04,0.342957685355979,0.289501508939602,0.222325308029762,0.14521550438018,,,,+AC0-24590.6956122841,+AC0-0.847,+AC0-23970.3525191758,+AC0-620.343093108248,0,+ACI-+ACQ-28,404.89+ACI-,+AC0-2.14+ACU-,2.52+ACU-,,,34.138
2016+AC0-08+AC0-05,0.255469235519387,0.046646407588184,0.18020050400411,0.517683847719479,,+AC0-1,4000,+AC0-27970.3525191758,+AC0-0.985,+AC0-30628.2660332235,2657.91351404765,+AC0-1,+ACI-+ACQ-31,061.81+ACI-,9.36+ACU-,+AC0-9.50+ACU-,,,30.893999
2016+AC0-08+AC0-08,0.109375149650153,0.168148741351463,0.376664181970372,0.345811930939567,,1,30630,1.73396677653,0.000,1.77707191006446,0.043105133534464,+AC0-1,+ACI-+ACQ-31,060.85+ACI-,0.00+ACU-,2.49+ACU-,,,31.662001
2016+AC0-08+AC0-09,0.267057885873288,0.36246095948687,0.228964663795599,0.141516502206379,,,,1.77707191006446,0.000,1.82713659624072,0.050064686176262,0,+ACI-+ACQ-31,060.90+ACI-,0.00+ACU-,2.82+ACU-,,,32.554001
2016+AC0-08+AC0-10,0.138523316506965,0.716468020982698,0.105634752486859,0.039373902759162,,,,1.82713659624072,0.000,1.9180611943807,0.090924598139976,0,+ACI-+ACQ-31,060.99+ACI-,0.00+ACU-,4.98+ACU-,,,34.174
2016+AC0-08+AC0-11,0.157020294655658,0.633831569484184,0.190081849558641,0.019066285090798,,,,1.9180611943807,0.000,1.88045666567137,+AC0-0.037604528709331,0,+ACI-+ACQ-31,060.95+ACI-,0.00+ACU-,+AC0-1.96+ACU-,,,33.504002
2016+AC0-08+AC0-12,0.184879965073433,0.334571228462066,0.241560847671057,0.238987954555927,,+AC0-1,3300,+AC0-3298.11954333433,+AC0-0.106,+AC0-3308.75121375147,10.63167041714,+AC0-1,+ACI-+ACQ-31,070.59+ACI-,0.03+ACU-,+AC0-0.32+ACU-,,,33.396
2016+AC0-08+AC0-15,0.408400970307407,0.203669485146513,0.222966653939441,0.164962895449516,,,,+AC0-3308.75121375147,+AC0-0.106,+AC0-3369.78229700761,61.0310832561427,0,+ACI-+ACQ-31,131.62+ACI-,0.20+ACU-,+AC0-1.84+ACU-,,,32.779999
2016+AC0-08+AC0-16,0.214223224416309,0.230586878717498,0.479187264014146,0.076002630244344,,+AC0-1,3300,+AC0-6669.78229700761,+AC0-0.214,+AC0-6707.22057158123,37.4382745736139,+AC0-1,+ACI-+ACQ-31,168.06+ACI-,0.12+ACU-,+AC0-0.56+ACU-,,,32.596001
2016+AC0-08+AC0-17,0.221847274522232,0.132748699344513,0.240317243473744,0.405086787502388,,,,+AC0-6707.22057158123,+AC0-0.215,+AC0-6994.47298386111,287.25241227988,0,+ACI-+ACQ-31,455.31+ACI-,0.92+ACU-,+AC0-4.28+ACU-,,,31.200001
2016+AC0-08+AC0-18,0.291635463579524,0.321414097873637,0.238106950037702,0.148843502752551,,1,7000,5.5270161388944,0.000,5.72931874063422,0.202302601739825,+AC0-1,+ACI-+ACQ-31,454.51+ACI-,0.00+ACU-,3.66+ACU-,,,32.341999
2016+AC0-08+AC0-19,0.189437164545233,0.50687026588077,0.301941304977781,0.001751266063048,,,,5.72931874063422,0.000,5.28857482442239,+AC0-0.440743916211834,0,+ACI-+ACQ-31,454.07+ACI-,0.00+ACU-,+AC0-7.69+ACU-,,,29.854
2016+AC0-08+AC0-22,0.453005824500092,0.360331262582182,0.123440884452509,0.063222040758676,,,,5.28857482442239,0.000,5.0288759333993,+AC0-0.259698891023086,0,+ACI-+ACQ-31,453.81+ACI-,0.00+ACU-,+AC0-4.91+ACU-,,,28.388
2016+AC0-08+AC0-23,0.190284879963663,0.147682672330532,0.259710160994826,0.402322273858728,,+AC0-1,10000,+AC0-9994.9711240666,+AC0-0.318,+AC0-10430.1474066278,435.176282561164,+AC0-1,+ACI-+ACQ-31,887.99+ACI-,1.38+ACU-,+AC0-4.35+ACU-,,,27.152
2016+AC0-08+AC0-24,0.236094030121773,0.171480291584877,0.361287335039834,0.231138349027716,,1,10400,+AC0-30.1474066277642,+AC0-0.001,+AC0-36.6094674861239,6.46206085835965,+AC0-1,+ACI-+ACQ-31,893.45+ACI-,0.02+ACU-,+AC0-21.43+ACU-,,,21.332001
2016+AC0-08+AC0-25,0.114313192838343,0.410005726338436,0.360779468305671,0.114901630398945,,,,+AC0-36.6094674861239,+AC0-0.001,+AC0-35.2399624952422,+AC0-1.36950499088163,0,+ACI-+ACQ-31,892.08+ACI-,0.00+ACU-,3.74+ACU-,,,22.129999
2016+AC0-08+AC0-26,0.170690980114281,0.059958102087681,0.204821995015887,0.564528914120851,,,,+AC0-35.2399624952422,+AC0-0.001,+AC0-35.6380642133585,0.39810171811623,0,+ACI-+ACQ-31,892.48+ACI-,0.00+ACU-,+AC0-1.13+ACU-,,,21.879999
2016+AC0-08+AC0-29,0.203110621837609,0.308298261247804,0.443118746440497,0.045472379042257,,1,10400,10364.3619357866,0.325,10383.3100555646,18.9481197779496,+AC0-1,+ACI-+ACQ-31,910.43+ACI-,0.06+ACU-,0.18+ACU-,,,21.92
2016+AC0-08+AC0-30,0.204431968133792,0.736979457796351,0.043218619824438,0.015369953500362,,+AC0-1,10000,383.310055564591,0.012,328.05185412371,+AC0-55.2582014408807,+AC0-1,+ACI-+ACQ-31,854.17+ACI-,+AC0-0.17+ACU-,+AC0-14.42+ACU-,,,18.76
2016+AC0-08+AC0-31,0.537919648703779,0.213416064878494,0.143901830499249,0.104762453077944,,,,328.05185412371,0.010,311.089702180845,+AC0-16.9621519428649,0,+ACI-+ACQ-31,837.20+ACI-,+AC0-0.05+ACU-,+AC0-5.17+ACU-,,,17.790001
2016+AC0-09+AC0-01,0.249978101598907,0.410152448887128,0.17460085614845,0.165268597277069,,+AC0-1,10000,+AC0-9688.91029781915,+AC0-0.304,+AC0-8615.99615926495,+AC0-1072.91413855421,+AC0-1,+ACI-+ACQ-30,763.29+ACI-,+AC0-3.37+ACU-,11.07+ACU-,,,19.76
2016+AC0-09+AC0-02,0.074629734144038,0.321157560197893,0.362906696790327,0.241306002534749,,,,+AC0-8615.99615926495,+AC0-0.280,+AC0-7722.13059699283,+AC0-893.865562272114,0,+ACI-+ACQ-29,869.43+ACI-,+AC0-2.91+ACU-,10.37+ACU-,,,21.809999
2016+AC0-09+AC0-06,0.065847828499032,0.234173365916592,0.205698761476439,0.494280046040431,,1,7720,+AC0-2.1305969928344,0.000,+AC0-1.81603821737913,+AC0-0.314558775455273,+AC0-1,+ACI-+ACQ-29,868.11+ACI-,0.00+ACU-,14.76+ACU-,,,25.030001
2016+AC0-09+AC0-07,0.127973019805147,0.296701529333363,0.290416643939779,0.28490880524533,,1,7720,7718.18396178262,0.258,7604.09144600352,+AC0-114.092515779105,+AC0-1,+ACI-+ACQ-29,753.02+ACI-,+AC0-0.38+ACU-,+AC0-1.48+ACU-,,,24.66
2016+AC0-09+AC0-08,0.150852740570017,0.287219295983244,0.349816305681159,0.212111664005441,,,,7604.09144600352,0.256,7113.80331140718,+AC0-490.288134596333,0,+ACI-+ACQ-29,262.73+ACI-,+AC0-1.65+ACU-,+AC0-6.45+ACU-,,,23.07
2016+AC0-09+AC0-09,0.355479639555736,0.066385663060222,0.380529461731477,0.197605236944776,,+AC0-1,7110,3.80331140718226,0.000,3.18673643263256,+AC0-0.616574974549704,+AC0-1,+ACI-+ACQ-29,261.11+ACI-,0.00+ACU-,+AC0-16.21+ACU-,,,19.33
2016+AC0-09+AC0-12,0.166500770102042,0.35785248786278,0.459890859147613,0.01575589005875,,,,3.18673643263256,0.000,3.41259427533525,0.225857842702692,0,+ACI-+ACQ-29,261.34+ACI-,0.00+ACU-,7.09+ACU-,,,20.700001
2016+AC0-09+AC0-13,0.278622445352319,0.545367665646037,0.048683694580775,0.12732618995052,,,,3.41259427533525,0.000,3.04330839936165,+AC0-0.369285875973606,0,+ACI-+ACQ-29,260.97+ACI-,0.00+ACU-,+AC0-10.82+ACU-,,,18.459999
2016+AC0-09+AC0-14,0.181228959296313,0.271393530892565,0.3468076567043,0.20056986167499,,,,3.04330839936165,0.000,3.03011962985256,+AC0-0.013188769509084,0,+ACI-+ACQ-29,260.96+ACI-,0.00+ACU-,+AC0-0.43+ACU-,,,18.379999
2016+AC0-09+AC0-15,0.219792357220558,0.401429819136923,0.203230482741,0.175547353194978,,,,3.03011962985256,0.000,3.0911178536917,0.060998223839135,0,+ACI-+ACQ-29,261.02+ACI-,0.00+ACU-,2.01+ACU-,,,18.75
2016+AC0-09+AC0-16,0.106658991644527,0.356951494526494,0.174860468947744,0.361529039021178,,,,3.0911178536917,0.000,3.00209349464576,+AC0-0.08902435904594,0,+ACI-+ACQ-29,260.93+ACI-,0.00+ACU-,+AC0-2.88+ACU-,,,18.209999
2016+AC0-09+AC0-19,0.131130381539885,0.294412085020317,0.279630606179678,0.294826922789772,,,,3.00209349464576,0.000,3.04825435278717,0.046160858141414,0,+ACI-+ACQ-29,260.97+ACI-,0.00+ACU-,1.54+ACU-,,,18.49
2016+AC0-09+AC0-20,0.112694716170995,0.707424713218232,0.178330685154908,0.001549886689868,,,,3.04825435278717,0.000,3.03671417946672,+AC0-0.011540173320448,0,+ACI-+ACQ-29,260.96+ACI-,0.00+ACU-,+AC0-0.38+ACU-,,,18.42
2016+AC0-09+AC0-21,0.387730946395735,0.410898100468441,0.158069543978824,0.043301425641411,,,,3.03671417946672,0.000,3.66153197009999,0.624817790633262,0,+ACI-+ACQ-29,261.59+ACI-,0.00+ACU-,20.58+ACU-,,,22.209999
2016+AC0-09+AC0-22,0.161289496258479,0.656624475728736,0.093162205471389,0.088923835729796,,,,3.66153197009999,0.000,3.61207424930054,+AC0-0.049457720799449,0,+ACI-+ACQ-29,261.54+ACI-,0.00+ACU-,+AC0-1.35+ACU-,,,21.91
2016+AC0-09+AC0-23,0.265554929254975,0.56574457357615,0.050232064806852,0.118468431384134,,,,3.61207424930054,0.000,3.34005587817567,+AC0-0.272018371124869,0,+ACI-+ACQ-29,261.27+ACI-,0.00+ACU-,+AC0-7.53+ACU-,,,20.26
2016+AC0-09+AC0-26,0.510251382931539,0.384459552643415,0.105043962790686,0.000245117201999,,,,3.34005587817567,0.000,3.25432887636662,+AC0-0.08572700180905,0,+ACI-+ACQ-29,261.18+ACI-,0.00+ACU-,+AC0-2.57+ACU-,,,19.74
2016+AC0-09+AC0-27,0.321314497975234,0.391966814191951,0.09678292662839,0.189935760925028,,+AC0-1,7110,+AC0-7106.74567112363,+AC0-0.243,+AC0-7488.36423299755,381.618561873914,+AC0-1,+ACI-+ACQ-29,641.80+ACI-,1.30+ACU-,+AC0-5.37+ACU-,,,18.68
2016+AC0-09+AC0-28,0.163882229206252,0.422635493115869,0.31582218885386,0.097660098730963,,,,+AC0-7488.36423299755,+AC0-0.253,+AC0-7015.33011718913,+AC0-473.034115808423,0,+ACI-+ACQ-29,168.77+ACI-,+AC0-1.60+ACU-,6.32+ACU-,,,19.860001
2016+AC0-09+AC0-29,0.268625530175087,0.402383354883644,0.132414080017785,0.196577030402203,,,,+AC0-7015.33011718913,+AC0-0.241,+AC0-7167.22331023184,151.893193042712,0,+ACI-+ACQ-29,320.66+ACI-,0.52+ACU-,+AC0-2.17+ACU-,,,19.43
2016+AC0-09+AC0-30,0.479337859122897,0.296523948459298,0.026328114040147,0.19781008880847,,,,+AC0-7167.22331023184,+AC0-0.244,+AC0-7351.66034858057,184.437038348736,0,+ACI-+ACQ-29,505.10+ACI-,0.63+ACU-,+AC0-2.57+ACU-,,,18.93
2016+AC0-10+AC0-03,0.354292823151744,0.251458586365529,0.30225477922908,0.091993812720481,,+AC0-1,7110,+AC0-14461.6603485806,+AC0-0.490,+AC0-15286.7313034917,825.070954911094,+AC0-1,+ACI-+ACQ-30,329.17+ACI-,2.80+ACU-,+AC0-5.71+ACU-,,,17.85
2016+AC0-10+AC0-04,0.199976792604145,0.415917093862718,0.184284815421087,0.199821320184395,,+AC0-1,7110,+AC0-22396.7313034917,+AC0-0.738,+AC0-28946.3636510674,6549.63234757571,+AC0-1,+ACI-+ACQ-36,877.80+ACI-,21.60+ACU-,+AC0-29.24+ACU-,,,12.63
2016+AC0-10+AC0-05,0.429559332114466,0.444559032604241,0.12136588484328,0.0045157500422,,1,10000,+AC0-18946.3636510674,+AC0-0.514,+AC0-18691.3452963024,+AC0-255.018354764958,+AC0-1,+ACI-+ACQ-36,621.78+ACI-,+AC0-0.69+ACU-,1.35+ACU-,,,12.8
2016+AC0-10+AC0-06,0.185101896391855,0.308198980736888,0.260339335445806,0.246359787320677,,,,+AC0-18691.3452963024,+AC0-0.510,+AC0-20297.6327827034,1606.28748640099,0,+ACI-+ACQ-38,228.07+ACI-,4.39+ACU-,+AC0-8.59+ACU-,,,11.7
2016+AC0-10+AC0-07,0.194907446567468,0.443102197810908,0.176027900185132,0.185962467962781,,,,+AC0-20297.6327827034,+AC0-0.531,+AC0-19950.6647009478,+AC0-346.968081755618,0,+ACI-+ACQ-37,881.10+ACI-,+AC0-0.91+ACU-,1.71+ACU-,,,11.9
2016+AC0-10+AC0-10,0.378292107917754,0.341303807468794,0.09613565830899,0.184268429459317,,1,7500,+AC0-12450.6647009478,+AC0-0.329,+AC0-12230.9470885781,+AC0-219.717612369666,+AC0-1,+ACI-+ACQ-37,660.38+ACI-,+AC0-0.58+ACU-,1.76+ACU-,,,12.11
2016+AC0-10+AC0-11,0.14222549085004,0.531315804624028,0.318715294670228,0.00774342494313,,,,+AC0-12230.9470885781,+AC0-0.325,+AC0-13150.0355981245,919.088509546333,0,+ACI-+ACQ-38,579.47+ACI-,2.44+ACU-,+AC0-7.51+ACU-,,,11.2
2016+AC0-10+AC0-12,0.124688926736381,0.20644217998361,0.662876442102129,0.005992457766987,,,,+AC0-13150.0355981245,+AC0-0.341,+AC0-12292.9350636038,+AC0-857.100534520614,0,+ACI-+ACQ-37,722.37+ACI-,+AC0-2.22+ACU-,6.52+ACU-,,,11.93
2016+AC0-10+AC0-13,0.192828226732938,0.621208254068865,0.090838169552261,0.095125347271064,,1,7110,+AC0-5182.93506360384,+AC0-0.137,+AC0-4904.88993026717,+AC0-278.045133336669,+AC0-1,+ACI-+ACQ-37,443.33+ACI-,+AC0-0.74+ACU-,5.36+ACU-,,,12.57
2016+AC0-10+AC0-14,0.451533965488325,0.196579545739515,0.333811663092823,0.018074825690978,,1,4900,+AC0-4.88993026717253,0.000,+AC0-5.1778020569663,0.287871789793769,+AC0-1,+ACI-+ACQ-37,442.61+ACI-,0.00+ACU-,+AC0-5.89+ACU-,,,11.83
2016+AC0-10+AC0-17,0.117026253594585,0.814685699440076,0.059522187850401,0.008765870804493,,,,+AC0-5.1778020569663,0.000,+AC0-4.95896004272428,+AC0-0.218842014242025,0,+ACI-+ACQ-37,442.39+ACI-,0.00+ACU-,4.23+ACU-,,,12.33
2016+AC0-10+AC0-18,0.223050683198037,0.263269525108471,0.357277497299273,0.156402288992548,,,,+AC0-4.95896004272428,0.000,+AC0-4.42003007863259,+AC0-0.538929964091689,0,+ACI-+ACQ-37,441.86+ACI-,0.00+ACU-,10.87+ACU-,,,13.67
2016+AC0-10+AC0-19,0.492325669510537,0.266729129326225,0.215557546119748,0.025387665474304,,,,+AC0-4.42003007863259,0.000,+AC0-4.06112492959951,+AC0-0.358905149033077,0,+ACI-+ACQ-37,441.50+ACI-,0.00+ACU-,8.12+ACU-,,,14.78
2016+AC0-10+AC0-20,0.085340014910879,0.439351208724076,0.211422974586112,0.263885805108412,,,,+AC0-4.06112492959951,0.000,+AC0-4.08585437774998,0.02472944815047,0,+ACI-+ACQ-37,441.52+ACI-,0.00+ACU-,+AC0-0.61+ACU-,,,14.69
2016+AC0-10+AC0-21,0.100454193739364,0.42148778619263,0.137391492226873,0.34066651900521,,,,+AC0-4.08585437774998,0.000,+AC0-4.16095176930835,0.075097391558373,0,+ACI-+ACQ-37,441.60+ACI-,0.00+ACU-,+AC0-1.84+ACU-,,,14.42
2016+AC0-10+AC0-24,0.219007879338357,0.497137042285307,0.141323751939383,0.142531337799089,,,,+AC0-4.16095176930835,0.000,+AC0-4.43796381497659,0.27701204566824,0,+ACI-+ACQ-37,441.87+ACI-,0.00+ACU-,+AC0-6.66+ACU-,,,13.46
2016+AC0-10+AC0-25,0.228849188570145,0.259352482541383,0.234021852062033,0.277776492146696,,,,+AC0-4.43796381497659,0.000,+AC0-4.13792317072483,+AC0-0.30004064425176,0,+ACI-+ACQ-37,441.57+ACI-,0.00+ACU-,6.76+ACU-,,,14.37
2016+AC0-10+AC0-26,0.188880582964949,0.553538088889579,0.004271761299957,0.253309566740741,,,,+AC0-4.13792317072483,0.000,+AC0-4.39708328580154,0.259160115076711,0,+ACI-+ACQ-37,441.83+ACI-,0.00+ACU-,+AC0-6.26+ACU-,,,13.47
2016+AC0-10+AC0-27,0.49421043121388,0.410365179936666,0.092408993076535,0.00301540201278,,,,+AC0-4.39708328580154,0.000,+AC0-4.6190592794426,0.221975993641058,0,+ACI-+ACQ-37,442.05+ACI-,0.00+ACU-,+AC0-5.05+ACU-,,,12.79
2016+AC0-10+AC0-28,0.184898450903633,0.75793617911826,0.056632221958102,0.000533135808038,,,,+AC0-4.6190592794426,0.000,+AC0-4.56488735669699,+AC0-0.054171922745614,0,+ACI-+ACQ-37,442.00+ACI-,0.00+ACU-,1.17+ACU-,,,12.94
2016+AC0-10+AC0-31,0.251650976095789,0.594360667359321,0.137113408318966,0.01687494421396,,+AC0-1,6000,+AC0-6004.5648873567,+AC0-0.160,+AC0-5484.84984301052,+AC0-519.715044346176,+AC0-1,+ACI-+ACQ-36,921.29+ACI-,+AC0-1.39+ACU-,8.66+ACU-,,,14.06
2016+AC0-11+AC0-01,0.143342968917106,0.587192365150729,0.181681212343587,0.087783462622407,,,,+AC0-5484.84984301052,+AC0-0.149,+AC0-5071.3405376342,+AC0-413.509305376326,0,+ACI-+ACQ-36,507.78+ACI-,+AC0-1.12+ACU-,7.54+ACU-,,,15.12
2016+AC0-11+AC0-02,0.14772758767111,0.742123888239175,0.022260521305579,0.087888007074041,,,,+AC0-5071.3405376342,+AC0-0.139,+AC0-5286.00045457109,214.659916936897,0,+ACI-+ACQ-36,722.44+ACI-,0.59+ACU-,+AC0-4.23+ACU-,,,14.48
2016+AC0-11+AC0-03,0.3143290342534,0.132895199881295,0.180386325341644,0.37238946341637,,,,+AC0-5286.00045457109,+AC0-0.144,+AC0-4953.80014976034,+AC0-332.200304810752,0,+ACI-+ACQ-36,390.24+ACI-,+AC0-0.90+ACU-,6.28+ACU-,,,15.39
2016+AC0-11+AC0-04,0.459017509473471,0.347523318933454,0.101457564190369,0.092001617658895,,,,+AC0-4953.80014976034,+AC0-0.136,+AC0-5117.96116836838,164.161018608042,0,+ACI-+ACQ-36,554.40+ACI-,0.45+ACU-,+AC0-3.31+ACU-,,,14.88
2016+AC0-11+AC0-07,0.466041541334225,0.310401900694288,0.196635499518269,0.026921056776837,,+AC0-1,6000,+AC0-11117.9611683684,+AC0-0.304,+AC0-12350.799604377,1232.83843600859,+AC0-1,+ACI-+ACQ-37,786.23+ACI-,3.37+ACU-,+AC0-11.09+ACU-,,,13.23
2016+AC0-11+AC0-08,0.201018341944095,0.437584108962229,0.015280624713352,0.346116926516545,,+AC0-1,6000,+AC0-18350.799604377,+AC0-0.486,+AC0-18600.4703472937,249.670742916693,+AC0-1,+ACI-+ACQ-38,034.91+ACI-,0.66+ACU-,+AC0-1.36+ACU-,,,13.05
2016+AC0-11+AC0-09,0.077720992241939,0.310568348889411,0.229332068035854,0.38237857635073,,,,+AC0-18600.4703472937,+AC0-0.489,+AC0-17175.1469490336,+AC0-1425.32339826005,0,+ACI-+ACQ-36,609.58+ACI-,+AC0-3.75+ACU-,7.66+ACU-,,,14.05
2016+AC0-11+AC0-10,0.108639152432955,0.545418718422701,0.341887365010547,0.004054772338167,,1,8000,+AC0-9175.14694903362,+AC0-0.251,+AC0-11186.4958887506,2011.34893971698,+AC0-1,+ACI-+ACQ-38,619.93+ACI-,5.49+ACU-,+AC0-21.92+ACU-,,,10.97
2016+AC0-11+AC0-11,0.343213907488985,0.596791522627607,0.049247716177418,0.010746849439369,,,,+AC0-11186.4958887506,+AC0-0.290,+AC0-13929.583759374,2743.08787062344,0,+ACI-+ACQ-41,363.02+ACI-,7.10+ACU-,+AC0-24.52+ACU-,,,8.28
2016+AC0-11+AC0-14,0.302357594922199,0.431723228184472,0.154579710985637,0.111339471681891,,,,+AC0-13929.583759374,+AC0-0.337,+AC0-13542.6508771692,+AC0-386.932882204836,0,+ACI-+ACQ-40,976.09+ACI-,+AC0-0.94+ACU-,2.78+ACU-,,,8.51
2016+AC0-11+AC0-15,0.410768913513366,0.45716119862544,0.114392910401499,0.017676974269915,,,,+AC0-13542.6508771692,+AC0-0.331,+AC0-11887.6148122743,+AC0-1655.03606489494,0,+ACI-+ACQ-39,321.05+ACI-,+AC0-4.04+ACU-,12.22+ACU-,,,9.55
2016+AC0-11+AC0-16,0.166918314194365,0.371227390699506,0.422380137819296,0.03947415840442,,+AC0-1,8000,+AC0-19887.6148122743,+AC0-0.506,+AC0-20387.4082735251,499.793461250873,+AC0-1,+ACI-+ACQ-39,819.84+ACI-,1.27+ACU-,+AC0-2.51+ACU-,,,9.31
2016+AC0-11+AC0-17,0.432806230865771,0.360809376815042,0.06849423735773,0.137890163063964,,,,+AC0-20387.4082735251,+AC0-0.512,+AC0-21832.7025227761,1445.29424925098,0,+ACI-+ACQ-41,265.14+ACI-,3.63+ACU-,+AC0-7.09+ACU-,,,8.65
2016+AC0-11+AC0-18,0.35149853877253,0.506197379526821,0.119069138809759,0.023234943135363,,,,+AC0-21832.7025227761,+AC0-0.529,+AC0-22564.6659599559,731.963437179784,0,+ACI-+ACQ-41,997.10+ACI-,1.77+ACU-,+AC0-3.35+ACU-,,,8.36
2016+AC0-11+AC0-21,0.278942164934559,0.369510394710222,0.237051810858275,0.114495628286224,,,,+AC0-22564.6659599559,+AC0-0.537,+AC0-21269.0870531642,+AC0-1295.57890679173,0,+ACI-+ACQ-40,701.52+ACI-,+AC0-3.08+ACU-,5.74+ACU-,,,8.84
2016+AC0-11+AC0-22,0.428893438934284,0.379463514112865,0.099660759790619,0.091982279665086,,,,+AC0-21269.0870531642,+AC0-0.523,+AC0-21004.426467661,+AC0-264.660585503174,0,+ACI-+ACQ-40,436.86+ACI-,+AC0-0.65+ACU-,1.24+ACU-,,,8.95
2016+AC0-11+AC0-23,0.182858800117886,0.338441153048205,0.258196823699758,0.220503232633641,,+AC0-1,8000,+AC0-29004.426467661,+AC0-0.717,+AC0-33314.5814622966,4310.15499463565,+AC0-1,+ACI-+ACQ-44,746.02+ACI-,10.66+ACU-,+AC0-14.86+ACU-,,,7.62
2016+AC0-11+AC0-25,0.277725767473659,0.259773713879622,0.076054538452442,0.386445977608401,,,,+AC0-33314.5814622966,+AC0-0.745,+AC0-32789.9423841502,+AC0-524.6390781464,0,+ACI-+ACQ-44,221.38+ACI-,+AC0-1.17+ACU-,1.57+ACU-,,,7.74
2016+AC0-11+AC0-28,0.215205166140287,0.130973755299325,0.149634059533703,0.504187035045433,,1,15000,+AC0-17789.9423841502,+AC0-0.402,+AC0-15767.3132758748,+AC0-2022.62910827548,+AC0-1,+ACI-+ACQ-42,197.75+ACI-,+AC0-4.57+ACU-,11.37+ACU-,,,8.62
2016+AC0-11+AC0-29,0.062590246866961,0.365272142028022,0.445297331353812,0.126840280868792,,1,15700,+AC0-67.3132758747579,+AC0-0.002,+AC0-69.0312481128608,1.71797223810286,+AC0-1,+ACI-+ACQ-42,198.47+ACI-,0.00+ACU-,+AC0-2.55+ACU-,,,8.4
2016+AC0-11+AC0-30,0.127051548400636,0.729240325454708,0.054150619871008,0.089557516820876,,,,+AC0-69.0312481128608,+AC0-0.002,+AC0-72.8937108048899,3.86246269202911,0,+ACI-+ACQ-42,202.33+ACI-,0.01+ACU-,+AC0-5.60+ACU-,,,7.93
2016+AC0-12+AC0-01,0.139362326778206,0.834150983154675,0.025747822947033,0.000738865065356,,,,+AC0-72.8937108048899,+AC0-0.002,+AC0-74.7321398289728,1.83842902408296,0,+ACI-+ACQ-42,204.17+ACI-,0.00+ACU-,+AC0-2.52+ACU-,,,7.73
2016+AC0-12+AC0-02,0.130000248138577,0.686558696902751,0.07955649582095,0.103884559323987,,,,+AC0-74.7321398289728,+AC0-0.002,+AC0-67.0945731452874,+AC0-7.63756668368544,0,+ACI-+ACQ-42,196.53+ACI-,+AC0-0.02+ACU-,10.22+ACU-,,,8.52
2016+AC0-12+AC0-05,0.044152257930459,0.72350071025935,0.143419677262415,0.088927354523038,,,,+AC0-67.0945731452874,+AC0-0.002,+AC0-67.4095711412746,0.314997995987255,0,+ACI-+ACQ-42,196.84+ACI-,0.00+ACU-,+AC0-0.47+ACU-,,,8.48
2016+AC0-12+AC0-06,0.344535636193289,0.428106719773524,0.130658297163139,0.096699355903877,,,,+AC0-67.4095711412746,+AC0-0.002,+AC0-68.6019574232547,1.19238628198009,0,+ACI-+ACQ-42,198.04+ACI-,0.00+ACU-,+AC0-1.77+ACU-,,,8.33
2016+AC0-12+AC0-07,0.347508239200092,0.411933377356532,0.221965337765814,0.018593051684593,,,,+AC0-68.6019574232547,+AC0-0.002,+AC0-66.1312986925253,+AC0-2.47065873072947,0,+ACI-+ACQ-42,195.57+ACI-,+AC0-0.01+ACU-,3.60+ACU-,,,8.63
2016+AC0-12+AC0-08,0.029207332125404,0.863267481525498,0.106412744674726,0.001112431732503,,+AC0-1,7000,+AC0-7066.13129869253,+AC0-0.167,+AC0-7066.13129869253,0,+AC0-1,+ACI-+ACQ-42,194.57+ACI-,0.00+ACU-,0.00+ACU-,,,8.63
2016+AC0-12+AC0-09,0.189809381045524,0.422483289631477,0.070775777084462,0.316931554287447,,,,+AC0-7066.13129869253,+AC0-0.167,+AC0-7835.79102299971,769.659724307181,0,+ACI-+ACQ-42,964.23+ACI-,1.82+ACU-,+AC0-10.89+ACU-,,,7.69
2016+AC0-12+AC0-12,0.393327672755922,0.333058070427844,0.170342611408769,0.10327163860881,,,,+AC0-7835.79102299971,+AC0-0.182,+AC0-7764.46392656148,+AC0-71.3270964382282,0,+ACI-+ACQ-42,892.90+ACI-,+AC0-0.17+ACU-,0.91+ACU-,,,7.76
2016+AC0-12+AC0-13,0.142409115403456,0.664955338974863,0.120991950086337,0.071643601309544,,,,+AC0-7764.46392656148,+AC0-0.181,+AC0-7444.27984711564,+AC0-320.184079445835,0,+ACI-+ACQ-42,572.72+ACI-,+AC0-0.75+ACU-,4.12+ACU-,,,8.08
2016+AC0-12+AC0-14,0.152457991967649,0.542830926587431,0.127494297605503,0.177216794386645,,,,+AC0-7444.27984711564,+AC0-0.175,+AC0-8522.2263101262,1077.94646301056,0,+ACI-+ACQ-43,650.66+ACI-,2.53+ACU-,+AC0-14.48+ACU-,,,6.91
2016+AC0-12+AC0-15,0.22847221168315,0.477609662072156,0.293342063425879,0.000576068069146,,,,+AC0-8522.2263101262,+AC0-0.195,+AC0-9730.87779839301,1208.65148826681,0,+ACI-+ACQ-44,859.31+ACI-,2.77+ACU-,+AC0-14.18+ACU-,,,5.93
2016+AC0-12+AC0-16,0.220461409657761,0.452575022033166,0.220256069491319,0.106707511111212,,,,+AC0-9730.87779839301,+AC0-0.217,+AC0-9780.10652249955,49.2287241065405,0,+ACI-+ACQ-44,908.54+ACI-,0.11+ACU-,+AC0-0.51+ACU-,,,5.9
2016+AC0-12+AC0-19,0.161289496258479,0.656624475728736,0.093162205471389,0.088923835729796,,,,+AC0-9780.10652249955,+AC0-0.218,+AC0-9630.9184569021,+AC0-149.188065597449,0,+ACI-+ACQ-44,759.35+ACI-,+AC0-0.33+ACU-,1.53+ACU-,,,5.99
2016+AC0-12+AC0-20,0.166463072344208,0.480924730521894,0.121712947392276,0.230899250134341,,,,+AC0-9630.9184569021,+AC0-0.215,+AC0-9598.76180095251,+AC0-32.1566559495895,0,+ACI-+ACQ-44,727.20+ACI-,+AC0-0.07+ACU-,0.33+ACU-,,,6.01
2016+AC0-12+AC0-21,0.157270035012176,0.590459238118537,0.154466195090637,0.097804535224544,,,,+AC0-9598.76180095251,+AC0-0.215,+AC0-9598.76180095251,0,0,+ACI-+ACQ-44,727.20+ACI-,0.00+ACU-,0.00+ACU-,,,6.01
2016+AC0-12+AC0-22,0.212556116005403,0.538370137754137,0.134728555206299,0.114345201464974,,,,+AC0-9598.76180095251,+AC0-0.215,+AC0-9646.67575336991,47.9139524174007,0,+ACI-+ACQ-44,775.11+ACI-,0.11+ACU-,+AC0-0.50+ACU-,,,5.98
2016+AC0-12+AC0-23,0.14222549085004,0.531315804624028,0.318715294670228,0.00774342494313,,,,+AC0-9646.67575336991,+AC0-0.215,+AC0-9227.25506844079,+AC0-419.420684929126,0,+ACI-+ACQ-44,355.69+ACI-,+AC0-0.94+ACU-,4.35+ACU-,,,6.24
2016+AC0-12+AC0-27,0.091046301117756,0.455798764690379,0.31965190389314,0.13350304166086,,,,+AC0-9227.25506844079,+AC0-0.208,+AC0-8517.46621702227,+AC0-709.788851418522,0,+ACI-+ACQ-43,645.90+ACI-,+AC0-1.60+ACU-,7.69+ACU-,,,6.72
2016+AC0-12+AC0-28,0.334045347368872,0.242128578586816,0.376244682787995,0.047581393654472,,,,+AC0-8517.46621702227,+AC0-0.195,+AC0-8023.14898121294,+AC0-494.317235809329,0,+ACI-+ACQ-43,151.58+ACI-,+AC0-1.13+ACU-,5.80+ACU-,,,7.11
2016+AC0-12+AC0-29,0.248235662415387,0.618646966520112,0.104385158918631,0.028732211633643,,,,+AC0-8023.14898121294,+AC0-0.186,+AC0-6161.23677038293,+AC0-1861.91221083001,0,+ACI-+ACQ-41,289.67+ACI-,+AC0-4.31+ACU-,23.21+ACU-,,,8.76
2016+AC0-12+AC0-30,0.384395263905967,0.43051040443189,0.025248309655983,0.159846019398456,,,,+AC0-6161.23677038293,+AC0-0.149,+AC0-6948.97480495244,787.738034569507,0,+ACI-+ACQ-42,077.41+ACI-,1.91+ACU-,+AC0-12.79+ACU-,,,7.64
2017+AC0-01+AC0-03,0.209437239520419,0.220897379831588,0.132320196453782,0.43734519087063,,,,+AC0-6948.97480495244,+AC0-0.165,+AC0-6075.80519595318,+AC0-873.169608999259,0,+ACI-+ACQ-41,204.24+ACI-,+AC0-2.08+ACU-,12.57+ACU-,,,8.6
2017+AC0-01+AC0-04,0.055246425444705,0.651825936992983,0.290978283090858,0.00194935558904,,1,6000,+AC0-75.8051959531813,+AC0-0.002,+AC0-74.3948667261454,+AC0-1.41032922703593,+AC0-1,+ACI-+ACQ-41,201.83+ACI-,0.00+ACU-,1.86+ACU-,,,8.76
2017+AC0-01+AC0-05,0.578071599124733,0.419666834781331,0.002242726991996,1.88316539075934E+AC0-05,,,,,,,,,,,17.81+ACU-,,,10.32
2017+AC0-01+AC0-06,0.224264739694212,0.19663717435852,0.263732410108242,0.315365669040372,,,,,,,,,,,+AC0-10.27+ACU-,,,9.26
2017+AC0-01+AC0-09,0.15241077666816,0.150571603128575,0.601327807842548,0.095689819881147,,,,,,,,,,,1.19+ACU-,,,9.37
2017+AC0-01+AC0-10,0.368147453220677,0.435549748265015,0.09366857446773,0.102634226095488,,,,,,,,,,,1.81+ACU-,,,9.54
2017+AC0-01+AC0-11,0.620741838623489,0.210532102768638,0.151770402871024,0.016955646842718,,,,,,,,,,,+AC0-0.63+ACU-,,,9.48
2017+AC0-01+AC0-12,0.180476374385574,0.15708275389351,0.499803317156247,0.162637557544901,,,,,,,,,,,0.74+ACU-,,,9.55
2017+AC0-01+AC0-13,0.102201008616713,0.439742310245565,0.281487882088922,0.176568800515634,,,,,,,,,,,1.57+ACU-,,,9.7
2017+AC0-01+AC0-17,0.137687706606265,0.236387888314644,0.114125734539655,0.511798666360127,,,,,,,,,,,7.94+ACU-,,,10.47
2017+AC0-01+AC0-18,0.397923307977005,0.438626637580635,0.142081209723844,0.021368850434508,,,,,,,,,,,+AC0-4.39+ACU-,,,10.01
2017+AC0-01+AC0-19,0.215453834461628,0.281838404223179,0.310633638443245,0.1920741168882,,,,,,,,,,,+AC0-2.00+ACU-,,,9.81
2017+AC0-01+AC0-20,0.233816268355317,0.435037257094475,0.231111563364039,0.100034928601901,,,,,,,,,,,3.36+ACU-,,,10.14
,,,,,,,,,,,,,,,8.28+ACU-,,,10.98
,,,,,,,,,,,,,,,0.82+ACU-,,,11.07
,,,,,,,,,,,,,,,+AC0-4.52+ACU-,,,10.57
,,,,,,,,,,,,,,,+AC0-7.57+ACU-,,,9.77
,,,,,,,,,,,,,,,4.40+ACU-,,,10.2
,,,,,,,,,,,,,,,+AC0-0.59+ACU-,,,10.14
,,,,,,,,,,,,,,,9.27+ACU-,,,11.08
,,,,,,,,,,,,,,,+AC0-0.72+ACU-,,,11
,,,,,,,,,,,,,,,6.36+ACU-,,,11.7
,,,,,,,,,,,,,,,1.62+ACU-,,,11.89
