Date,Close,DayRange,HML,Low,Open,ema_15,Ret,Vol,y,r0,r1,r2,r3,fet0,fet1,fet2,fet3,fet4,fet5,fet6,fet7,fet8,fet9,fet10,fet11,fet12,fet13,fet14,fet15,fet16,im1,im2,im3,im4,im5,im6,im7
2016-09-30,10.93,0.008234217749313802,0.012762078395624377,10.93,10.97,10.48989941106793,0.007319304666056681,0.043086061172580126,1,0.005519779208831732,0.026291079812206464,0.07684729064039408,0.047938638542665446,-0.04026537867631019,-0.040751803278440746,-0.026878293938205733,0.01702982908465711,-0.007905463338252705,0.014304894701474336,-0.016468118083513672,-0.006555965210923165,0.00048642460213055294,-0.013873509340235013,-0.043908123022862844,0.024935292422909816,-1.0,0.0,0.014359933942365566,0.03003461368262783,-3.0,-1.0,-1.0,1.0,-1.0,1.0,-1.0,-1.0
2016-10-03,11.1,0.007207207207207214,0.024456521739130262,11.1,11.04,10.566161984684438,-0.05135135135135138,0.05747111225060419,-1,0.015553522415370447,0.021159153633854677,0.04225352112676051,0.09359605911330049,-0.04809351489329383,-0.04026537867631019,-0.040751803278440746,-0.026878293938205733,0.01702982908465711,-0.007905463338252705,0.014304894701474336,-0.016468118083513672,-0.007828136216983639,0.00048642460213055294,-0.013873509340235013,-0.043908123022862844,-1.0,0.0,-0.008314560819114192,0.014359933942365566,-3.0,-1.0,-1.0,-1.0,1.0,-1.0,1.0,-1.0
2016-10-04,11.09,0.009918845807033312,0.014311270125223596,11.09,11.18,10.631641736598883,-0.046889089269612216,0.04332202328687032,-1,-0.0009009009009008917,0.014638609332113361,0.02023919043238287,0.04131455399061035,-0.04133077217322967,-0.04809351489329383,-0.04026537867631019,-0.040751803278440746,-0.026878293938205733,0.01702982908465711,-0.007905463338252705,0.014304894701474336,0.006762742720064163,-0.007828136216983639,0.00048642460213055294,-0.013873509340235013,-1.0,0.0,0.014590878937047802,-0.008314560819114192,-3.0,-1.0,-1.0,-1.0,-1.0,1.0,-1.0,1.0
2016-10-05,11.35,0.004405286343612398,0.015004413062665534,11.35,11.33,10.721436519524023,-0.09427312775330399,0.050042246657554745,-2,0.023444544634806164,0.022522522522522515,0.038426349496797796,0.04415823367065319,-0.05538004233268523,-0.04133077217322967,-0.04809351489329383,-0.04026537867631019,-0.040751803278440746,-0.026878293938205733,0.01702982908465711,-0.007905463338252705,-0.014049270159455562,0.006762742720064163,-0.007828136216983639,0.00048642460213055294,-1.0,0.0,-0.020812012879519726,0.014590878937047802,-5.0,-1.0,-1.0,-1.0,-1.0,-1.0,1.0,-1.0
2016-10-06,11.51,0.0026064291920068947,0.013949433304271895,11.51,11.47,10.82000695458352,-0.12423979148566466,0.05015521334065093,-2,0.014096916299559448,0.037871956717763666,0.036936936936937004,0.05306495882891116,-0.0599472671951764,-0.05538004233268523,-0.04133077217322967,-0.04809351489329383,-0.04026537867631019,-0.040751803278440746,-0.026878293938205733,0.01702982908465711,-0.0045672248624911704,-0.014049270159455562,0.006762742720064163,-0.007828136216983639,-1.0,0.0,0.009482045296964392,-0.020812012879519726,-5.0,-1.0,-1.0,-1.0,-1.0,-1.0,-1.0,1.0
2016-10-07,11.33,0.015887025595763434,0.02088772845953002,11.33,11.49,10.883756085260579,-0.11915269196822587,0.03658224699949376,-2,-0.0156385751520417,-0.0017621145374449032,0.021641118124436476,0.02072072072072073,-0.03938604719677152,-0.0599472671951764,-0.05538004233268523,-0.04133077217322967,-0.04809351489329383,-0.04026537867631019,-0.040751803278440746,-0.026878293938205733,0.020561219998404878,-0.0045672248624911704,-0.014049270159455562,0.006762742720064163,-1.0,0.0,0.02512844486089605,0.009482045296964392,-7.0,-1.0,-1.0,-1.0,-1.0,-1.0,-1.0,-1.0
2016-10-10,11.67,0.008568980291345299,0.021682567215958404,11.67,11.53,10.982036574603006,-0.12939160239931446,0.034032798239551354,-2,0.030008826125331067,0.013900955690703709,0.028193832599118895,0.05229936880072139,-0.058951450333932676,-0.03938604719677152,-0.0599472671951764,-0.05538004233268523,-0.04133077217322967,-0.04809351489329383,-0.04026537867631019,-0.040751803278440746,-0.019565403137161153,0.020561219998404878,-0.0045672248624911704,-0.014049270159455562,-1.0,0.0,-0.04012662313556603,0.02512844486089605,-7.0,-1.0,-1.0,-1.0,-1.0,-1.0,-1.0,-1.0
2016-10-11,11.58,0.013816925734024193,0.02224123182207005,11.58,11.69,11.05678200277763,-0.1278065630397237,0.014356480961504518,-2,-0.007712082262210762,0.02206531332744932,0.006081668114682914,0.02026431718061672,-0.045182901314539725,-0.058951450333932676,-0.03938604719677152,-0.0599472671951764,-0.05538004233268523,-0.04133077217322967,-0.04809351489329383,-0.04026537867631019,0.01376854901939295,-0.019565403137161153,0.020561219998404878,-0.0045672248624911704,-1.0,0.0,0.0333339521565541,-0.04012662313556603,-7.0,-1.0,-1.0,-1.0,-1.0,-1.0,-1.0,-1.0
2016-10-12,11.43,0.005249343832021041,0.01134380453752182,11.43,11.46,11.103434252430427,-0.10061242344706911,0.011655760730718166,-2,-0.012953367875647714,-0.020565552699228773,0.008826125330979595,-0.0069504778453518545,-0.028570931545894407,-0.045182901314539725,-0.058951450333932676,-0.03938604719677152,-0.0599472671951764,-0.05538004233268523,-0.04133077217322967,-0.04809351489329383,0.01661196976864532,0.01376854901939295,-0.019565403137161153,0.020561219998404878,-1.0,0.0,0.0028434207492523678,0.0333339521565541,-7.0,-1.0,-1.0,-1.0,-1.0,-1.0,-1.0,-1.0
2016-10-13,11.49,0.0017406440382941315,0.023642732049036663,11.49,11.42,11.151754970876622,-0.12619669277632728,0.011854773219161957,-2,0.005249343832021136,-0.007772020725388629,-0.015424164524421524,0.014121800529567574,-0.029438209671312277,-0.028570931545894407,-0.045182901314539725,-0.058951450333932676,-0.03938604719677152,-0.0599472671951764,-0.05538004233268523,-0.04133077217322967,-0.0008672781254178696,0.01661196976864532,0.01376854901939295,-0.019565403137161153,-1.0,0.0,-0.017479247894063188,0.0028434207492523678,-7.0,-1.0,-1.0,-1.0,-1.0,-1.0,-1.0,-1.0
2016-10-14,11.44,0.006118881118881144,0.013913043478260943,11.44,11.5,11.187785599517047,-0.14597902097902093,0.016267264750773527,-2,-0.004351610095735481,0.0008748906386701893,-0.012089810017271163,-0.019708654670094305,-0.02204671332892938,-0.029438209671312277,-0.028570931545894407,-0.045182901314539725,-0.058951450333932676,-0.03938604719677152,-0.0599472671951764,-0.05538004233268523,0.007391496342382897,-0.0008672781254178696,0.01661196976864532,0.01376854901939295,-1.0,0.0,0.008258774467800767,-0.017479247894063188,-7.0,-1.0,-1.0,-1.0,-1.0,-1.0,-1.0,-1.0
2016-10-17,11.37,0.0052770448548813105,0.0140227870289219,11.37,11.41,11.210562399577414,-0.13192612137203164,0.016438070802024488,-2,-0.006118881118881148,-0.010443864229765065,-0.005249343832021025,-0.0181347150259068,-0.014022656149743629,-0.02204671332892938,-0.029438209671312277,-0.028570931545894407,-0.045182901314539725,-0.058951450333932676,-0.03938604719677152,-0.0599472671951764,0.00802405717918575,0.007391496342382897,-0.0008672781254178696,0.01661196976864532,-1.0,0.0,0.0006325608368028535,0.008258774467800767,-7.0,-1.0,-1.0,-1.0,-1.0,-1.0,-1.0,-1.0
2016-10-18,11.45,0.004366812227074298,0.015679442508710673,11.45,11.48,11.24049209963024,-0.096943231441048,0.020990975142422853,-2,0.0070360598065084545,0.0008741258741258306,-0.003481288076588429,0.0017497812773403787,-0.01829763322006639,-0.014022656149743629,-0.02204671332892938,-0.029438209671312277,-0.028570931545894407,-0.045182901314539725,-0.058951450333932676,-0.03938604719677152,-0.004274977070322761,0.00802405717918575,0.007391496342382897,-0.0008672781254178696,-1.0,0.0,-0.012299034249508511,0.0006325608368028535,-7.0,-1.0,-1.0,-1.0,-1.0,-1.0,-1.0,-1.0
2016-10-19,11.66,0.011149228130360121,0.02074330164217797,11.66,11.57,11.29293058717646,-0.12264150943396224,0.017901971087705,-2,0.0183406113537119,0.025505716798592815,0.019230769230769384,0.014795474325500324,-0.0314810817172847,-0.01829763322006639,-0.014022656149743629,-0.02204671332892938,-0.029438209671312277,-0.028570931545894407,-0.045182901314539725,-0.058951450333932676,-0.013183448497218309,-0.004274977070322761,0.00802405717918575,0.007391496342382897,-1.0,0.0,-0.008908471426895548,-0.012299034249508511,-7.0,-1.0,-1.0,-1.0,-1.0,-1.0,-1.0,-1.0
2016-10-20,11.43,0.00962379702537178,0.01305483028720611,11.43,11.49,11.310064263779399,-0.1137357830271215,0.018505211078214165,-2,-0.019725557461406584,-0.0017467248908296096,0.005277044854881341,-0.0008741258741258306,-0.0104930652861418,-0.0314810817172847,-0.01829763322006639,-0.014022656149743629,-0.02204671332892938,-0.029438209671312277,-0.028570931545894407,-0.045182901314539725,0.020988016431142897,-0.013183448497218309,-0.004274977070322761,0.00802405717918575,-1.0,0.0,0.034171464928361206,-0.008908471426895548,-7.0,-1.0,-1.0,-1.0,-1.0,-1.0,-1.0,-1.0
2016-10-21,11.48,0.0017421602787456073,0.01491228070175443,11.48,11.4,11.331306230806975,-0.10104529616724744,0.01459536817592933,-2,0.004374453193350947,-0.015437392795883298,0.0026200873362447474,0.009674582233949014,-0.01295241891925314,-0.0104930652861418,-0.0314810817172847,-0.01829763322006639,-0.014022656149743629,-0.02204671332892938,-0.029438209671312277,-0.028570931545894407,-0.0024593536331113386,0.020988016431142897,-0.013183448497218309,-0.004274977070322761,-1.0,0.0,-0.023447370064254236,0.034171464928361206,-7.0,-1.0,-1.0,-1.0,-1.0,-1.0,-1.0,-1.0
2016-10-24,11.43,0.0008748906386701476,0.021145374449339168,11.43,11.35,11.3436429519561,-0.05774278215223094,0.02492470557183566,-1,-0.004355400696864131,0.0,-0.019725557461406584,-0.0017467248908296096,-0.007555297291679697,-0.01295241891925314,-0.0104930652861418,-0.0314810817172847,-0.01829763322006639,-0.014022656149743629,-0.02204671332892938,-0.029438209671312277,0.005397121627573442,-0.0024593536331113386,0.020988016431142897,-0.013183448497218309,-1.0,0.0,0.007856475260684781,-0.023447370064254236,-7.0,-1.0,-1.0,-1.0,-1.0,-1.0,-1.0,-1.0
2016-10-25,11.24,0.016014234875444813,0.017636684303350858,11.24,11.34,11.330687582961591,-0.05427046263345192,0.03189011754595221,-1,-0.016622922134733153,-0.020905923344947785,-0.016622922134733153,-0.03602058319039447,0.008068290299073855,-0.007555297291679697,-0.01295241891925314,-0.0104930652861418,-0.0314810817172847,-0.01829763322006639,-0.014022656149743629,-0.02204671332892938,0.015623587590753552,0.005397121627573442,-0.0024593536331113386,0.020988016431142897,1.0,2.0,0.01022646596318011,0.007856475260684781,-7.0,-1.0,-1.0,-1.0,-1.0,-1.0,-1.0,-1.0
2016-10-26,11.09,0.019837691614066785,0.0252935862691962,11.09,11.07,11.300601635091393,-0.03787195671776378,0.03264765716511832,-1,-0.013345195729537407,-0.02974628171478566,-0.03397212543554007,-0.02974628171478566,0.018990228592551173,0.008068290299073855,-0.007555297291679697,-0.01295241891925314,-0.0104930652861418,-0.0314810817172847,-0.01829763322006639,-0.014022656149743629,0.010921938293477318,0.015623587590753552,0.005397121627573442,-0.0024593536331113386,1.0,0.0,-0.004701649297276234,0.01022646596318011,-5.0,1.0,-1.0,-1.0,-1.0,-1.0,-1.0,-1.0
2016-10-27,11.21,0.00802854594112398,0.01605709188224813,11.21,11.21,11.289276430704968,-0.07850133809099025,0.024399498907256484,-2,0.010820559062218349,-0.002669039145907437,-0.01924759405074361,-0.023519163763066175,0.0070719385107018695,0.018990228592551173,0.008068290299073855,-0.007555297291679697,-0.01295241891925314,-0.0104930652861418,-0.0314810817172847,-0.01829763322006639,-0.011918290081849303,0.010921938293477318,0.015623587590753552,0.005397121627573442,1.0,0.0,-0.02284022837532662,-0.004701649297276234,-3.0,1.0,1.0,-1.0,-1.0,-1.0,-1.0,-1.0
2016-10-28,11.01,0.019981834695731213,0.027027027027027084,11.01,11.1,11.254366876866849,-0.05177111716621252,0.014653013658893736,-1,-0.017841213202497874,-0.007213706041478862,-0.020462633451957313,-0.03674540682414695,0.022194993357570247,0.0070719385107018695,0.018990228592551173,0.008068290299073855,-0.007555297291679697,-0.01295241891925314,-0.0104930652861418,-0.0314810817172847,0.015123054846868378,-0.011918290081849303,0.010921938293477318,0.015623587590753552,1.0,0.0,0.02704134492871768,-0.02284022837532662,-1.0,1.0,1.0,1.0,-1.0,-1.0,-1.0,-1.0
2016-10-31,10.53,0.03323836657170004,0.03228782287822896,10.53,10.84,11.163821017258488,-0.04463437796771119,0.015422742225890641,-1,-0.043596730245231696,-0.060660124888492595,-0.0504959422903517,-0.06316725978647697,0.0601919294642439,0.022194993357570247,0.0070719385107018695,0.018990228592551173,0.008068290299073855,-0.007555297291679697,-0.01295241891925314,-0.0104930652861418,0.03799693610667365,0.015123054846868378,-0.011918290081849303,0.010921938293477318,1.0,0.0,0.022873881259805273,0.02704134492871768,1.0,1.0,1.0,1.0,1.0,-1.0,-1.0,-1.0
2016-11-01,10.57,0.01135288552507088,0.024413145539906037,10.57,10.65,11.08959339010118,0.03405865657521279,0.04195544163288442,1,0.003798670465337217,-0.03996366939146223,-0.05709188224799289,-0.046889089269612216,0.04915736897835199,0.0601919294642439,0.022194993357570247,0.0070719385107018695,0.018990228592551173,0.008068290299073855,-0.007555297291679697,-0.01295241891925314,-0.011034560485891909,0.03799693610667365,0.015123054846868378,-0.011918290081849303,1.0,0.0,-0.04903149659256556,0.022873881259805273,3.0,1.0,1.0,1.0,1.0,1.0,-1.0,-1.0
2016-11-02,10.28,0.01750972762645929,0.02995169082125615,10.28,10.35,10.988394216338529,0.10214007782101175,0.0743771815701601,2,-0.027436140018921584,-0.023741690408357052,-0.06630336058128983,-0.08296164139161477,0.06890994322359245,0.04915736897835199,0.0601919294642439,0.022194993357570247,0.0070719385107018695,0.018990228592551173,0.008068290299073855,-0.007555297291679697,0.019752574245240462,-0.011034560485891909,0.03799693610667365,0.015123054846868378,1.0,0.0,0.03078713473113237,-0.04903149659256556,5.0,1.0,1.0,1.0,1.0,1.0,1.0,-1.0
2016-11-03,10.08,0.0188492063492063,0.02441406250000011,10.08,10.24,10.874844939296212,0.13888888888888884,0.08539573573495214,2,-0.01945525291828787,-0.04635761589403975,-0.042735042735042694,-0.08446866485013627,0.07885366461271937,0.06890994322359245,0.04915736897835199,0.0601919294642439,0.022194993357570247,0.0070719385107018695,0.018990228592551173,0.008068290299073855,0.009943721389126914,0.019752574245240462,-0.011034560485891909,0.03799693610667365,1.0,0.0,-0.009808852856113548,0.03078713473113237,7.0,1.0,1.0,1.0,1.0,1.0,1.0,1.0
2016-11-04,9.98,0.014028056112224328,0.02808425275827464,9.98,9.97,10.762989321884188,0.13727454909819636,0.07854058570463118,2,-0.009920634920634885,-0.029182879377431803,-0.05581835383159883,-0.052231718898385515,0.0784558438761711,0.07885366461271937,0.06890994322359245,0.04915736897835199,0.0601919294642439,0.022194993357570247,0.0070719385107018695,0.018990228592551173,-0.00039782073654826,0.009943721389126914,0.019752574245240462,-0.011034560485891909,1.0,0.0,-0.010341542125675174,-0.009808852856113548,7.0,1.0,1.0,1.0,1.0,1.0,1.0,1.0
2016-11-07,10.16,0.0,0.01988071570576544,10.16,10.06,10.687615656648665,0.11122047244094468,0.04262994595835304,2,0.018036072144288484,0.007936507936507908,-0.011673151750972721,-0.03878902554399244,0.05193067486699454,0.0784558438761711,0.07885366461271937,0.06890994322359245,0.04915736897835199,0.0601919294642439,0.022194993357570247,0.0070719385107018695,-0.026525169009176564,-0.00039782073654826,0.009943721389126914,0.019752574245240462,1.0,0.0,-0.026127348272628304,-0.010341542125675174,7.0,1.0,1.0,1.0,1.0,1.0,1.0,1.0
2016-11-08,10.1,0.014851485148514887,0.02186878727634189,10.1,10.06,10.61416369956758,0.0980198019801981,0.019386559564692457,2,-0.005905511811023723,0.012024048096192397,0.001984126984126977,-0.017509727626459082,0.05090729698688912,0.05193067486699454,0.0784558438761711,0.07885366461271937,0.06890994322359245,0.04915736897835199,0.0601919294642439,0.022194993357570247,-0.001023377880105425,-0.026525169009176564,-0.00039782073654826,0.009943721389126914,1.0,0.0,0.02550179112907114,-0.026127348272628304,7.0,1.0,1.0,1.0,1.0,1.0,1.0,1.0
2016-11-09,10.28,0.008754863813229558,0.0325443786982248,10.28,10.14,10.572393237121632,0.10019455252918297,0.01978751585033658,2,0.017821782178217838,0.011811023622047223,0.03006012024048088,0.01984126984126977,0.028442921898991447,0.05090729698688912,0.05193067486699454,0.0784558438761711,0.07885366461271937,0.06890994322359245,0.04915736897835199,0.0601919294642439,-0.02246437508789767,-0.001023377880105425,-0.026525169009176564,-0.00039782073654826,1.0,0.0,-0.021440997207792245,0.02550179112907114,7.0,1.0,1.0,1.0,1.0,1.0,1.0,1.0
2016-11-10,10.04,0.016932270916334834,0.016831683168316847,10.04,10.1,10.505844082481428,0.1394422310756973,0.019940660454003993,2,-0.023346303501945553,-0.005940594059405946,-0.011811023622047334,0.006012024048096087,0.04639881299615811,0.028442921898991447,0.05090729698688912,0.05193067486699454,0.0784558438761711,0.07885366461271937,0.06890994322359245,0.04915736897835199,0.017955891097166665,-0.02246437508789767,-0.001023377880105425,-0.026525169009176564,1.0,0.0,0.040420266185064335,-0.021440997207792245,7.0,1.0,1.0,1.0,1.0,1.0,1.0,1.0
2016-11-11,9.77,0.013306038894575309,0.0161943319838056,9.77,9.88,10.413863572171248,0.1893551688843398,0.038236972042579816,2,-0.02689243027888444,-0.049610894941634176,-0.0326732673267327,-0.038385826771653586,0.06590210564700594,0.04639881299615811,0.028442921898991447,0.05090729698688912,0.05193067486699454,0.0784558438761711,0.07885366461271937,0.06890994322359245,0.019503292650847825,0.017955891097166665,-0.02246437508789767,-0.001023377880105425,1.0,0.0,0.0015474015536811603,0.040420266185064335,7.0,1.0,1.0,1.0,1.0,1.0,1.0,1.0
2016-11-14,9.87,0.0010131712259373415,0.03288797533401844,9.87,9.73,10.345880625649842,0.1884498480243162,0.04495172415812539,2,0.010235414534288667,-0.016932270916334646,-0.03988326848249024,-0.022772277227722793,0.04821485568894057,0.06590210564700594,0.04639881299615811,0.028442921898991447,0.05090729698688912,0.05193067486699454,0.0784558438761711,0.07885366461271937,-0.017687249958065365,0.019503292650847825,0.017955891097166665,-0.02246437508789767,1.0,0.0,-0.03719054260891319,0.0015474015536811603,7.0,1.0,1.0,1.0,1.0,1.0,1.0,1.0
2016-11-15,10.34,0.005802707930367553,0.03174603174603185,10.34,10.08,10.345145547443613,0.09477756286266925,0.04578021263625184,2,0.04761904761904767,0.05834186284544529,0.029880478087649376,0.005836575875486361,0.0004976351492855802,0.04821485568894057,0.06590210564700594,0.04639881299615811,0.028442921898991447,0.05090729698688912,0.05193067486699454,0.0784558438761711,-0.04771722053965499,-0.017687249958065365,0.019503292650847825,0.017955891097166665,1.0,0.0,-0.030029970581589627,-0.03719054260891319,7.0,1.0,1.0,1.0,1.0,1.0,1.0,1.0
2016-11-16,10.23,0.022482893450635425,0.03015564202334642,10.23,10.28,10.33075235401316,0.1104594330400781,0.04358966978445814,2,-0.010638297872340385,0.03647416413373872,0.04708290685772787,0.018924302788844827,0.00984871495729811,0.0004976351492855802,0.04821485568894057,0.06590210564700594,0.04639881299615811,0.028442921898991447,0.05090729698688912,0.05193067486699454,0.00935107980801253,-0.04771722053965499,-0.017687249958065365,0.019503292650847825,1.0,0.0,0.05706830034766752,-0.030029970581589627,7.0,1.0,1.0,1.0,1.0,1.0,1.0,1.0
2016-11-17,10.13,0.03455083909180648,0.034482758620689724,10.13,10.44,10.305658309761515,0.140177690029615,0.04356958526276101,2,-0.009775171065493637,-0.02030947775628622,0.0263424518743669,0.0368474923234392,0.01734040570202522,0.00984871495729811,0.0004976351492855802,0.04821485568894057,0.06590210564700594,0.04639881299615811,0.028442921898991447,0.05090729698688912,0.007491690744727109,0.00935107980801253,-0.04771722053965499,-0.017687249958065365,1.0,0.0,-0.0018593890632854215,0.05706830034766752,7.0,1.0,1.0,1.0,1.0,1.0,1.0,1.0
2016-11-18,10.32,0.0009689922480619947,0.02148437500000011,10.32,10.24,10.307451021041324,0.11434108527131781,0.036698029897468794,2,0.01875616979269501,0.008797653958944274,-0.0019342359767891004,0.0455927051671734,-0.0012159863332050769,0.01734040570202522,0.00984871495729811,0.0004976351492855802,0.04821485568894057,0.06590210564700594,0.04639881299615811,0.028442921898991447,-0.018556392035230296,0.007491690744727109,0.00935107980801253,-0.04771722053965499,-1.0,-2.0,-0.026048082779957404,-0.0018593890632854215,7.0,1.0,1.0,1.0,1.0,1.0,1.0,1.0
2016-11-21,10.77,0.001857010213556135,0.021698113207547,10.77,10.6,10.36526964341116,0.07892293407613749,0.022921721966196292,2,0.04360465116279055,0.06317867719644599,0.05278592375366564,0.04158607350096699,-0.0375794202960853,-0.0012159863332050769,0.01734040570202522,0.00984871495729811,0.0004976351492855802,0.04821485568894057,0.06590210564700594,0.04639881299615811,-0.03636343396288022,-0.018556392035230296,0.007491690744727109,0.00935107980801253,-1.0,0.0,-0.017807041927649925,-0.026048082779957404,5.0,-1.0,1.0,1.0,1.0,1.0,1.0,1.0
2016-11-22,10.63,0.01693320790216366,0.02979515828677848,10.63,10.74,10.398360937984766,0.0761994355597364,0.026735819470458642,2,-0.0129990714948931,0.030038759689922534,0.04935834155972363,0.03910068426197455,-0.021791068863145302,-0.0375794202960853,-0.0012159863332050769,0.01734040570202522,0.00984871495729811,0.0004976351492855802,0.04821485568894057,0.06590210564700594,0.015788351432939995,-0.03636343396288022,-0.018556392035230296,0.007491690744727109,-1.0,0.0,0.052151785395820216,-0.017807041927649925,3.0,-1.0,-1.0,1.0,1.0,1.0,1.0,1.0
2016-11-23,10.67,0.009372071227741295,0.019811320754716918,10.67,10.6,10.43231582073667,0.07403936269915667,0.029373936582329545,2,0.0037629350893695346,-0.00928505106778088,0.0339147286821706,0.05330700888450135,-0.022275930577631664,-0.021791068863145302,-0.0375794202960853,-0.0012159863332050769,0.01734040570202522,0.00984871495729811,0.0004976351492855802,0.04821485568894057,-0.00048486171448636206,0.015788351432939995,-0.03636343396288022,-0.018556392035230296,-1.0,0.0,-0.016273213147426357,0.052151785395820216,1.0,-1.0,-1.0,-1.0,1.0,1.0,1.0,1.0
2016-11-25,10.33,0.02129719264278806,0.0257142857142858,10.33,10.5,10.419526343144586,0.11907066795740562,0.02221414285557359,2,-0.03186504217432051,-0.02822201317027284,-0.04085422469823574,0.0009689922480620172,0.008666635347975404,-0.022275930577631664,-0.021791068863145302,-0.0375794202960853,-0.0012159863332050769,0.01734040570202522,0.00984871495729811,0.0004976351492855802,0.03094256592560707,-0.00048486171448636206,0.015788351432939995,-0.03636343396288022,1.0,2.0,0.03142742764009343,-0.016273213147426357,-1.0,-1.0,-1.0,-1.0,-1.0,1.0,1.0,1.0
2016-11-28,10.44,0.015325670498084306,0.023877745940783183,10.44,10.47,10.422085550251511,0.12356321839080464,0.02472085393388519,2,0.010648596321394033,-0.021555763823805085,-0.01787394167450629,-0.03064066852367686,-0.0017159434624989256,0.008666635347975404,-0.022275930577631664,-0.021791068863145302,-0.0375794202960853,-0.0012159863332050769,0.01734040570202522,0.00984871495729811,-0.01038257881047433,0.03094256592560707,-0.00048486171448636206,0.015788351432939995,-1.0,-2.0,-0.0413251447360814,0.03142742764009343,-1.0,1.0,-1.0,-1.0,-1.0,-1.0,1.0,1.0
2016-11-29,10.06,0.008946322067594421,0.017821782178217727,10.06,10.1,10.376824856470074,0.16799204771371756,0.03886306928892376,2,-0.036398467432950055,-0.02613746369796699,-0.057169634489222076,-0.05362182502351842,0.03149352450000742,-0.0017159434624989256,0.008666635347975404,-0.022275930577631664,-0.021791068863145302,-0.0375794202960853,-0.0012159863332050769,0.01734040570202522,0.033209467962506345,-0.01038257881047433,0.03094256592560707,-0.00048486171448636206,1.0,2.0,0.043592046772980675,-0.0413251447360814,-3.0,-1.0,1.0,-1.0,-1.0,-1.0,-1.0,1.0
2016-11-30,10.93,0.015553522415370532,0.1033797216699801,10.93,10.06,10.445971749411315,0.07227813357731017,0.039798806215957626,2,0.08648111332007935,0.046934865900383205,0.05808325266214909,0.024367385192127333,-0.04428437791296291,0.03149352450000742,-0.0017159434624989256,0.008666635347975404,-0.022275930577631664,-0.021791068863145302,-0.0375794202960853,-0.0012159863332050769,-0.07577790241297033,0.033209467962506345,-0.01038257881047433,0.03094256592560707,-1.0,-2.0,-0.10898737037547668,0.043592046772980675,-3.0,1.0,-1.0,1.0,-1.0,-1.0,-1.0,-1.0
2016-12-01,11.33,0.016769638128861387,0.0229681978798586,11.33,11.32,10.556475280734901,0.034421888790820976,0.05135851191393779,1,0.036596523330283626,0.12624254473161023,0.08524904214559403,0.09680542110358181,-0.06827226118844654,-0.04428437791296291,0.03149352450000742,-0.0017159434624989256,0.008666635347975404,-0.022275930577631664,-0.021791068863145302,-0.0375794202960853,-0.023987883275483624,-0.07577790241297033,0.033209467962506345,-0.01038257881047433,-1.0,0.0,0.05179001913748671,-0.10898737037547668,-3.0,-1.0,1.0,-1.0,1.0,-1.0,-1.0,-1.0
2016-12-02,11.48,0.0026132404181184107,0.01666666666666661,11.48,11.4,10.671915870643039,-0.0034843205574913716,0.06844981578408602,-1,0.013239187996469504,0.050320219579140124,0.1411530815109343,0.09961685823754807,-0.0703906036025228,-0.06827226118844654,-0.04428437791296291,0.03149352450000742,-0.0017159434624989256,0.008666635347975404,-0.022275930577631664,-0.021791068863145302,-0.0021183424140762686,-0.023987883275483624,-0.07577790241297033,0.033209467962506345,-1.0,0.0,0.021869540861407355,0.05179001913748671,-3.0,-1.0,-1.0,1.0,-1.0,1.0,-1.0,-1.0
2016-12-05,11.35,0.024669603524229176,0.02497846683893201,11.35,11.61,10.75667638681266,0.02026431718061672,0.06719730839677505,1,-0.011324041811846763,0.001765225066195919,0.038426349496797796,0.12823061630218668,-0.052275208210338264,-0.0703906036025228,-0.06827226118844654,-0.04428437791296291,0.03149352450000742,-0.0017159434624989256,0.008666635347975404,-0.022275930577631664,0.01811539539218454,-0.0021183424140762686,-0.023987883275483624,-0.07577790241297033,-1.0,0.0,0.02023373780626081,0.021869540861407355,-3.0,-1.0,-1.0,-1.0,1.0,-1.0,1.0,-1.0
2016-12-06,11.29,0.0053144375553587685,0.015151515151515138,11.29,11.22,10.823341838461078,0.03631532329495135,0.027584735292524306,1,-0.005286343612334821,-0.016550522648083765,-0.003530450132391949,0.032936870997255285,-0.04133376098661834,-0.052275208210338264,-0.0703906036025228,-0.06827226118844654,-0.04428437791296291,0.03149352450000742,-0.0017159434624989256,0.008666635347975404,0.010941447223719925,0.01811539539218454,-0.0021183424140762686,-0.023987883275483624,-1.0,0.0,-0.007173948168464617,0.02023373780626081,-3.0,-1.0,-1.0,-1.0,-1.0,1.0,-1.0,1.0
2016-12-07,11.09,0.015329125338142463,0.017025089605734678,11.09,11.16,10.856674108653444,0.053201082055906124,0.021192450514593626,1,-0.017714791851195733,-0.022907488986784075,-0.03397212543554007,-0.02118270079435125,-0.021039304900500988,-0.04133376098661834,-0.052275208210338264,-0.0703906036025228,-0.06827226118844654,-0.04428437791296291,0.03149352450000742,-0.0017159434624989256,0.020294456086117352,0.010941447223719925,0.01811539539218454,-0.0021183424140762686,-1.0,0.0,0.009353008862397427,-0.007173948168464617,-5.0,-1.0,-1.0,-1.0,-1.0,-1.0,1.0,-1.0
2016-12-08,11.31,0.0,0.02062780269058284,11.31,11.15,10.913339845071759,0.0,0.024042440932427245,1,0.019837691614066788,0.001771479185119773,-0.0035242290748898064,-0.014808362369338024,-0.03507163173547667,-0.021039304900500988,-0.04133376098661834,-0.052275208210338264,-0.0703906036025228,-0.06827226118844654,-0.04428437791296291,0.03149352450000742,-0.014032326834975684,0.020294456086117352,0.010941447223719925,0.01811539539218454,-1.0,0.0,-0.034326782921093035,0.009353008862397427,-5.0,-1.0,-1.0,-1.0,-1.0,-1.0,-1.0,1.0
2016-12-09,11.44,0.0017482517482518664,0.00874890638670178,11.44,11.43,10.97917236443779,-0.03234265734265729,0.03319080100223408,-1,0.011494252873563093,0.03155996393146987,0.013286093888396744,0.007929515418502175,-0.040282135975717615,-0.03507163173547667,-0.021039304900500988,-0.04133376098661834,-0.052275208210338264,-0.0703906036025228,-0.06827226118844654,-0.04428437791296291,-0.005210504240240943,-0.014032326834975684,0.020294456086117352,0.010941447223719925,-1.0,0.0,0.00882182259473474,-0.034326782921093035,-7.0,-1.0,-1.0,-1.0,-1.0,-1.0,-1.0,-1.0
2016-12-12,11.62,0.027538726333907082,0.030252100840336138,11.62,11.9,11.059275818883066,-0.02151462994836484,0.036755169988637246,-1,0.015734265734265618,0.027409372236958385,0.04779080252479706,0.029229406554472925,-0.04825509303932307,-0.040282135975717615,-0.03507163173547667,-0.021039304900500988,-0.04133376098661834,-0.052275208210338264,-0.0703906036025228,-0.06827226118844654,-0.007972957063605457,-0.005210504240240943,-0.014032326834975684,0.020294456086117352,-1.0,0.0,-0.002762452823364514,0.00882182259473474,-7.0,-1.0,-1.0,-1.0,-1.0,-1.0,-1.0,-1.0
2016-12-13,11.73,0.006820119352088668,0.016115351993214674,11.73,11.79,11.143116341522685,-0.016197783461210702,0.033707709503093576,-1,0.009466437177280573,0.02534965034965042,0.037135278514588865,0.057709648331830454,-0.05003270745757171,-0.04825509303932307,-0.040282135975717615,-0.03507163173547667,-0.021039304900500988,-0.04133376098661834,-0.052275208210338264,-0.0703906036025228,-0.0017776144182486409,-0.007972957063605457,-0.005210504240240943,-0.014032326834975684,-1.0,0.0,0.006195342645356816,-0.002762452823364514,-7.0,-1.0,-1.0,-1.0,-1.0,-1.0,-1.0,-1.0
2016-12-14,11.32,0.03621908127208482,0.0371009490940466,11.32,11.59,11.165226798832347,0.007950530035335746,0.016302692317276383,1,-0.03495311167945436,-0.025817555938037806,-0.010489510489510412,0.0008841732979663064,-0.013672544272760878,-0.05003270745757171,-0.04825509303932307,-0.040282135975717615,-0.03507163173547667,-0.021039304900500988,-0.04133376098661834,-0.052275208210338264,0.036360163184810834,-0.0017776144182486409,-0.007972957063605457,-0.005210504240240943,-1.0,0.0,0.038137777603059475,0.006195342645356816,-7.0,-1.0,-1.0,-1.0,-1.0,-1.0,-1.0,-1.0
2016-12-15,11.36,0.007922535211267593,0.025022341376228833,11.36,11.19,11.189573448978305,0.0061619718309859906,0.01765333960496823,1,0.0035335689045936647,-0.03154305200341012,-0.022375215146299476,-0.006993006993006978,-0.015002337237825292,-0.013672544272760878,-0.05003270745757171,-0.04825509303932307,-0.040282135975717615,-0.03507163173547667,-0.021039304900500988,-0.04133376098661834,-0.0013297929650644136,0.036360163184810834,-0.0017776144182486409,-0.007972957063605457,-1.0,0.0,-0.03768995614987525,0.038137777603059475,-7.0,-1.0,-1.0,-1.0,-1.0,-1.0,-1.0,-1.0
2016-12-16,11.55,0.0025974025974025423,0.015734265734265732,11.55,11.44,11.234626767856016,-0.03376623376623378,0.01808598858772928,-1,0.01672535211267623,0.020318021201413572,-0.01534526854219942,-0.0060240963855420215,-0.027305041744068004,-0.015002337237825292,-0.013672544272760878,-0.05003270745757171,-0.04825509303932307,-0.040282135975717615,-0.03507163173547667,-0.021039304900500988,-0.012302704506242712,-0.0013297929650644136,0.036360163184810834,-0.0017776144182486409,-1.0,0.0,-0.010972911541178298,-0.03768995614987525,-7.0,-1.0,-1.0,-1.0,-1.0,-1.0,-1.0,-1.0
2016-12-19,11.5,0.0095652173913043,0.012152777777777679,11.5,11.52,11.267798421874016,-0.02869565217391301,0.019325376081901154,-1,-0.0043290043290044045,0.012323943661971981,0.01590106007067127,-0.019607843137254943,-0.020191441576172586,-0.027305041744068004,-0.015002337237825292,-0.013672544272760878,-0.05003270745757171,-0.04825509303932307,-0.040282135975717615,-0.03507163173547667,0.0071136001678954175,-0.012302704506242712,-0.0013297929650644136,0.036360163184810834,-1.0,0.0,0.01941630467413813,-0.010972911541178298,-7.0,-1.0,-1.0,-1.0,-1.0,-1.0,-1.0,-1.0
2016-12-20,11.62,0.008605851979346078,0.01199657240788343,11.62,11.67,11.311823619139767,-0.019793459552495563,0.01954399802171138,-1,0.01043478260869568,0.006060606060605878,0.022887323943661997,0.026501766784452263,-0.02652120317213702,-0.020191441576172586,-0.027305041744068004,-0.015002337237825292,-0.013672544272760878,-0.05003270745757171,-0.04825509303932307,-0.040282135975717615,-0.006329761595964434,0.0071136001678954175,-0.012302704506242712,-0.0013297929650644136,-1.0,0.0,-0.013443361763859851,0.01941630467413813,-7.0,-1.0,-1.0,-1.0,-1.0,-1.0,-1.0,-1.0
2016-12-21,11.44,0.020104895104895142,0.023175965665235942,11.44,11.65,11.327845666747296,-0.010489510489510412,0.015843457632937697,-1,-0.015490533562822706,-0.00521739130434784,-0.009523809523809601,0.007042253521126751,-0.009803700459152465,-0.02652120317213702,-0.020191441576172586,-0.027305041744068004,-0.015002337237825292,-0.013672544272760878,-0.05003270745757171,-0.04825509303932307,0.016717502712984555,-0.006329761595964434,0.0071136001678954175,-0.012302704506242712,-1.0,0.0,0.02304726430894899,-0.013443361763859851,-7.0,-1.0,-1.0,-1.0,-1.0,-1.0,-1.0,-1.0
2016-12-22,11.46,0.011343804537521728,0.0113043478260868,11.46,11.5,11.344364958403885,-0.007853403141361404,0.01121476550102786,-1,0.0017482517482518833,-0.01376936316695343,-0.003478260869565153,-0.007792207792207795,-0.010090317765804158,-0.009803700459152465,-0.02652120317213702,-0.020191441576172586,-0.027305041744068004,-0.015002337237825292,-0.013672544272760878,-0.05003270745757171,-0.00028661730665169305,0.016717502712984555,-0.006329761595964434,0.0071136001678954175,-1.0,0.0,-0.01700412001963625,0.02304726430894899,-7.0,-1.0,-1.0,-1.0,-1.0,-1.0,-1.0,-1.0
2016-12-23,11.56,0.0008650519031141682,0.011353711790393128,11.56,11.45,11.371319338603394,-0.021626297577854725,0.00850953925866685,-1,0.008726003490401313,0.010489510489510634,-0.005163511187607495,0.00521739130434784,-0.016321856522197753,-0.010090317765804158,-0.009803700459152465,-0.02652120317213702,-0.020191441576172586,-0.027305041744068004,-0.015002337237825292,-0.013672544272760878,-0.006231538756393595,-0.00028661730665169305,0.016717502712984555,-0.006329761595964434,-1.0,0.0,-0.005944921449741902,-0.01700412001963625,-7.0,-1.0,-1.0,-1.0,-1.0,-1.0,-1.0,-1.0
2016-12-27,11.73,0.005115089514066386,0.012886597938144284,11.73,11.64,11.416154421277973,-0.017050298380221762,0.0059550354403230515,-1,0.014705882352941124,0.023560209424083656,0.02534965034965042,0.009466437177280573,-0.02675580381261955,-0.016321856522197753,-0.010090317765804158,-0.009803700459152465,-0.02652120317213702,-0.020191441576172586,-0.027305041744068004,-0.015002337237825292,-0.010433947290421797,-0.006231538756393595,-0.00028661730665169305,0.016717502712984555,-1.0,0.0,-0.004202408534028201,-0.005944921449741902,-7.0,-1.0,-1.0,-1.0,-1.0,-1.0,-1.0,-1.0
2016-12-28,11.75,0.007659574468085096,0.008488964346349603,11.75,11.78,11.457885118618224,-0.029787234042553123,0.008807842484334763,-1,0.0017050298380221207,0.016435986159169413,0.02530541012216392,0.027097902097902082,-0.024860840968661813,-0.02675580381261955,-0.016321856522197753,-0.010090317765804158,-0.009803700459152465,-0.02652120317213702,-0.020191441576172586,-0.027305041744068004,0.001894962843957737,-0.010433947290421797,-0.006231538756393595,-0.00028661730665169305,-1.0,0.0,0.012328910134379534,-0.004202408534028201,-7.0,-1.0,-1.0,-1.0,-1.0,-1.0,-1.0,-1.0
2016-12-29,11.72,0.007679180887372001,0.011063829787234079,11.72,11.75,11.490649478790948,-0.03754266211604107,0.011445534104096202,-1,-0.002553191489361617,-0.0008525149190110604,0.01384083044982698,0.022687609075043635,-0.01956915709974849,-0.024860840968661813,-0.02675580381261955,-0.016321856522197753,-0.010090317765804158,-0.009803700459152465,-0.02652120317213702,-0.020191441576172586,0.005291683868913322,0.001894962843957737,-0.010433947290421797,-0.006231538756393595,-1.0,0.0,0.0033967210249555846,0.012328910134379534,-7.0,-1.0,-1.0,-1.0,-1.0,-1.0,-1.0,-1.0
2016-12-30,11.72,0.0,0.006861063464836947,11.72,11.66,11.51931829394208,-0.03412969283276457,0.008549065429445666,-1,0.0,-0.002553191489361617,-0.0008525149190110604,0.01384083044982698,-0.017123012462279985,-0.01956915709974849,-0.024860840968661813,-0.02675580381261955,-0.016321856522197753,-0.010090317765804158,-0.009803700459152465,-0.02652120317213702,0.002446144637468506,0.005291683868913322,0.001894962843957737,-0.010433947290421797,-1.0,0.0,-0.002845539231444816,0.0033967210249555846,-7.0,-1.0,-1.0,-1.0,-1.0,-1.0,-1.0,-1.0
2017-01-03,11.44,0.048951048951048994,0.05342237061769628,11.44,11.98,11.509403507199321,0.0034965034965035446,0.01672490090404285,1,-0.023890784982935287,-0.023890784982935287,-0.026382978723404338,-0.024722932651321528,0.006066740139800908,-0.017123012462279985,-0.01956915709974849,-0.024860840968661813,-0.02675580381261955,-0.016321856522197753,-0.010090317765804158,-0.009803700459152465,0.023189752602080893,0.002446144637468506,0.005291683868913322,0.001894962843957737,1.0,2.0,0.020743607964612387,-0.002845539231444816,-7.0,-1.0,-1.0,-1.0,-1.0,-1.0,-1.0,-1.0
2017-01-04,11.58,0.004317789291882618,0.023642732049036885,11.58,11.42,11.518228068799406,-0.006044905008635637,0.018349391809221943,-1,0.012237762237762295,-0.011945392491467643,-0.011945392491467643,-0.014468085106382977,-0.005334363661536612,0.006066740139800908,-0.017123012462279985,-0.01956915709974849,-0.024860840968661813,-0.02675580381261955,-0.016321856522197753,-0.010090317765804158,-0.01140110380133752,0.023189752602080893,0.002446144637468506,0.005291683868913322,-1.0,-2.0,-0.03459085640341841,0.020743607964612387,-5.0,1.0,-1.0,-1.0,-1.0,-1.0,-1.0,-1.0
2017-01-05,11.7,0.0076923076923076815,0.0239520958083832,11.7,11.69,11.540949560199481,-0.013675213675213738,0.017782891923911637,-1,0.010362694300518172,0.022727272727272707,-0.0017064846416383617,-0.0017064846416383617,-0.013594054683805035,-0.005334363661536612,0.006066740139800908,-0.017123012462279985,-0.01956915709974849,-0.024860840968661813,-0.02675580381261955,-0.016321856522197753,-0.008259691022268423,-0.01140110380133752,0.023189752602080893,0.002446144637468506,-1.0,0.0,0.003141412779069097,-0.03459085640341841,-5.0,-1.0,1.0,-1.0,-1.0,-1.0,-1.0,-1.0
2017-01-06,11.68,0.011130136986301435,0.016156462585034226,11.68,11.76,11.558330865174543,-0.02568493150684925,0.015033019886449872,-1,-0.0017094017094017033,0.008635578583765069,0.020979020979021046,-0.0034129692832765013,-0.01041687798163149,-0.013594054683805035,-0.005334363661536612,0.006066740139800908,-0.017123012462279985,-0.01956915709974849,-0.024860840968661813,-0.02675580381261955,0.0031771767021735453,-0.008259691022268423,-0.01140110380133752,0.023189752602080893,-1.0,0.0,0.011436867724441968,0.003141412779069097,-5.0,-1.0,-1.0,1.0,-1.0,-1.0,-1.0,-1.0
2017-01-09,11.31,0.019451812555260732,0.019965277777777683,11.31,11.52,11.527289507027724,-0.010610079575596898,0.010682066237225254,-1,-0.03167808219178081,-0.033333333333333215,-0.023316062176165775,-0.011363636363636243,0.019212158004219715,-0.01041687798163149,-0.013594054683805035,-0.005334363661536612,0.006066740139800908,-0.017123012462279985,-0.01956915709974849,-0.024860840968661813,0.029629035985851204,0.0031771767021735453,-0.008259691022268423,-0.01140110380133752,1.0,2.0,0.02645185928367766,0.011436867724441968,-5.0,-1.0,-1.0,-1.0,1.0,-1.0,-1.0,-1.0
2017-01-10,11.07,0.02710027100270993,0.02638522427440626,11.07,11.37,11.470128318649259,0.014453477868112019,0.014656659591469638,1,-0.021220159151193685,-0.05222602739726023,-0.053846153846153766,-0.04404145077720201,0.03614528623751201,0.019212158004219715,-0.01041687798163149,-0.013594054683805035,-0.005334363661536612,0.006066740139800908,-0.017123012462279985,-0.01956915709974849,0.016933128233292294,0.029629035985851204,0.0031771767021735453,-0.008259691022268423,1.0,0.0,-0.01269590775255891,0.02645185928367766,-3.0,1.0,-1.0,-1.0,-1.0,1.0,-1.0,-1.0
2017-01-11,11.37,0.009674582233949095,0.03746654772524538,11.37,11.21,11.457612278818107,-0.0017590149516270026,0.014944912479591958,1,0.027100271002709952,0.0053050397877982824,-0.02654109589041098,-0.028205128205128216,0.00770556541935874,0.03614528623751201,0.019212158004219715,-0.01041687798163149,-0.013594054683805035,-0.005334363661536612,0.006066740139800908,-0.017123012462279985,-0.02843972081815327,0.016933128233292294,0.029629035985851204,0.0031771767021735453,1.0,0.0,-0.04537284905144556,-0.01269590775255891,-1.0,1.0,1.0,-1.0,-1.0,-1.0,1.0,-1.0
2017-01-12,11.54,0.0077989601386483235,0.02286719437115225,11.54,11.37,11.467910743965843,-0.0034662045060658286,0.014575488026409573,-1,0.014951627088830355,0.042457091237579014,0.020335985853227045,-0.011986301369863117,-0.00624690260261318,0.00770556541935874,0.03614528623751201,0.019212158004219715,-0.01041687798163149,-0.013594054683805035,-0.005334363661536612,0.006066740139800908,-0.01395246802197192,-0.02843972081815327,0.016933128233292294,0.029629035985851204,-1.0,-2.0,0.014487252796181349,-0.04537284905144556,1.0,1.0,1.0,1.0,-1.0,-1.0,-1.0,1.0
2017-01-13,11.41,0.01051709027169143,0.013973799126637656,11.41,11.45,11.460671900970114,-0.007887817703768563,0.00976752201863381,-1,-0.011265164644713943,0.0035180299032542273,0.030713640469738124,0.008841732979663952,0.004441007972840749,-0.00624690260261318,0.00770556541935874,0.03614528623751201,0.019212158004219715,-0.01041687798163149,-0.013594054683805035,-0.005334363661536612,0.01068791057545393,-0.01395246802197192,-0.02843972081815327,0.016933128233292294,1.0,2.0,0.02464037859742585,0.014487252796181349,-1.0,-1.0,1.0,1.0,1.0,-1.0,-1.0,-1.0
2017-01-17,11.43,0.016622922134733115,0.01896551724137918,11.43,11.6,11.45683791334885,-0.004374453193350725,0.00871097285434511,-1,0.0017528483786151128,-0.009532062391681029,0.005277044854881341,0.03252032520325199,0.002348023915034858,0.004441007972840749,-0.00624690260261318,0.00770556541935874,0.03614528623751201,0.019212158004219715,-0.01041687798163149,-0.013594054683805035,-0.002092984057805891,0.01068791057545393,-0.01395246802197192,-0.02843972081815327,1.0,0.0,-0.01278089463325982,0.02464037859742585,1.0,1.0,-1.0,1.0,1.0,1.0,-1.0,-1.0
2017-01-18,11.16,0.018817204301075183,0.025915996425379784,11.16,11.19,11.419733174180243,0.017921146953404854,0.01021753532735351,1,-0.023622047244094446,-0.021910604732690575,-0.032928942807625594,-0.01846965699208436,0.02327358191579232,0.002348023915034858,0.004441007972840749,-0.00624690260261318,0.00770556541935874,0.03614528623751201,0.019212158004219715,-0.01041687798163149,0.02092555800075746,-0.002092984057805891,0.01068791057545393,-0.01395246802197192,1.0,0.0,0.02301854205856335,-0.01278089463325982,3.0,1.0,1.0,-1.0,1.0,1.0,1.0,-1.0
2017-01-19,11.17,0.010743061772605122,0.01690391459074736,11.17,11.24,11.388516527407713,0.0214861235452104,0.013820745531968383,1,0.0008960573476701761,-0.022747156605424257,-0.02103418054338302,-0.03206239168110914,0.019562804602301975,0.02327358191579232,0.002348023915034858,0.004441007972840749,-0.00624690260261318,0.00770556541935874,0.03614528623751201,0.019212158004219715,-0.0037107773134903432,0.02092555800075746,-0.002092984057805891,0.01068791057545393,1.0,0.0,-0.024636335314247804,0.02301854205856335,5.0,1.0,1.0,1.0,-1.0,1.0,1.0,1.0
2017-01-20,11.39,0.009657594381035946,0.011353711790393128,11.39,11.45,11.388701961481747,0.0,0.01338660077578561,1,0.01969561324977631,0.020609318996415826,-0.0034995625546805353,-0.0017528483786152238,-0.00011396299545685107,0.019562804602301975,0.02327358191579232,0.002348023915034858,0.004441007972840749,-0.00624690260261318,0.00770556541935874,0.03614528623751201,-0.019676767597758826,-0.0037107773134903432,0.02092555800075746,-0.002092984057805891,-1.0,-2.0,-0.015965990284268483,-0.024636335314247804,5.0,1.0,1.0,1.0,1.0,-1.0,1.0,1.0
2017-01-23,11.32,0.005300353356890503,0.015165031222123202,11.32,11.21,11.38011421629653,0.019434628975264934,0.012107034281854008,1,-0.006145741878841093,0.013428827215756556,0.014336917562723928,-0.00962379702537175,0.0053104431357358095,-0.00011396299545685107,0.019562804602301975,0.02327358191579232,0.002348023915034858,0.004441007972840749,-0.00624690260261318,0.00770556541935874,0.005424406131192661,-0.019676767597758826,-0.0037107773134903432,0.02092555800075746,1.0,2.0,0.025101173728951487,-0.015965990284268483,3.0,-1.0,1.0,1.0,1.0,1.0,-1.0,1.0
2017-01-24,11.37,0.009674582233949095,0.01055408970976257,11.37,11.37,11.378849939259466,-0.0008795074758135568,0.01106087217067571,1,0.004416961130741859,-0.0017559262510975504,0.017905102954342,0.018817204301075252,0.0007783587739196296,0.0053104431357358095,-0.00011396299545685107,0.019562804602301975,0.02327358191579232,0.002348023915034858,0.004441007972840749,-0.00624690260261318,-0.00453208436181618,0.005424406131192661,-0.019676767597758826,-0.0037107773134903432,1.0,0.0,-0.00995649049300884,0.025101173728951487,3.0,1.0,-1.0,1.0,1.0,1.0,1.0,-1.0
2017-01-25,11.31,0.013262599469496051,0.01681415929203556,11.31,11.3,11.370243696852029,0.01945181255526074,0.011298452028635927,1,-0.005277044854881119,-0.0008833922261484162,-0.0070237050043898686,0.012533572068039511,0.005326586812734568,0.0007783587739196296,0.0053104431357358095,-0.00011396299545685107,0.019562804602301975,0.02327358191579232,0.002348023915034858,0.004441007972840749,0.004548228038814939,-0.00453208436181618,0.005424406131192661,-0.019676767597758826,1.0,0.0,0.009080312400631119,-0.00995649049300884,5.0,1.0,1.0,-1.0,1.0,1.0,1.0,1.0
2017-01-26,11.53,0.004336513443191736,0.013986013986013957,11.53,11.44,11.390213234745527,-0.00607111882046818,0.012142184454291265,-1,0.01945181255526074,0.014072119613016687,0.018551236749116518,0.012291483757681965,-0.012123743734125947,0.005326586812734568,0.0007783587739196296,0.0053104431357358095,-0.00011396299545685107,0.019562804602301975,0.02327358191579232,0.002348023915034858,-0.017450330546860515,0.004548228038814939,-0.00453208436181618,0.005424406131192661,-1.0,-2.0,-0.021998558585675454,0.009080312400631119,5.0,1.0,1.0,1.0,-1.0,1.0,1.0,1.0
2017-01-27,11.4,0.0035087719298244864,0.01491228070175443,11.4,11.4,11.391436580402337,0.006140350877193113,0.01163459126881109,1,-0.011274934952298254,0.007957559681697646,0.0026385224274407815,0.007067137809187329,-0.0007511771576897974,-0.012123743734125947,0.005326586812734568,0.0007783587739196296,0.0053104431357358095,-0.00011396299545685107,0.019562804602301975,0.02327358191579232,0.01137256657643615,-0.017450330546860515,0.004548228038814939,-0.00453208436181618,-1.0,0.0,0.028822897123296665,-0.021998558585675454,3.0,-1.0,1.0,1.0,1.0,-1.0,1.0,1.0
2017-01-30,11.28,0.0062056737588652745,0.01057268722466953,11.28,11.35,11.377507007852044,0.01507092198581561,0.010648188193353881,1,-0.010526315789473717,-0.021682567215958404,-0.0026525198938992522,-0.0079155672823219,0.0086442382847558,-0.0007511771576897974,-0.012123743734125947,0.005326586812734568,0.0007783587739196296,0.0053104431357358095,-0.00011396299545685107,0.019562804602301975,0.009395415442445598,0.01137256657643615,-0.017450330546860515,0.004548228038814939,1.0,2.0,-0.001977151133990551,0.028822897123296665,1.0,-1.0,-1.0,1.0,1.0,1.0,-1.0,1.0
2017-01-31,11.32,0.014134275618374569,0.017543859649122858,11.32,11.4,11.37031863187054,0.007067137809187329,0.009784124061844032,1,0.0035460992907803135,-0.007017543859649145,-0.018213356461404984,0.0008841732979663064,0.004445108822485722,0.0086442382847558,-0.0007511771576897974,-0.012123743734125947,0.005326586812734568,0.0007783587739196296,0.0053104431357358095,-0.00011396299545685107,-0.004199129462270079,0.009395415442445598,0.01137256657643615,-0.017450330546860515,1.0,0.0,-0.013594544904715677,-0.001977151133990551,1.0,1.0,-1.0,-1.0,1.0,1.0,1.0,-1.0
2017-02-01,11.48,0.0060975609756097815,0.01926444833625229,11.48,11.42,11.38402880288672,-0.027003484320557547,0.01640294936859433,-1,0.014134275618374659,0.0177304964539009,0.007017543859649145,-0.004336513443191636,-0.00835986037572134,0.004445108822485722,0.0086442382847558,-0.0007511771576897974,-0.012123743734125947,0.005326586812734568,0.0007783587739196296,0.0053104431357358095,-0.012804969198207061,-0.004199129462270079,0.009395415442445598,0.01137256657643615,-1.0,-2.0,-0.008605839735936982,-0.013594544904715677,3.0,1.0,1.0,-1.0,-1.0,1.0,1.0,1.0
2017-02-02,11.51,0.0069504778453518745,0.01382886776145209,11.51,11.57,11.39977520252588,-0.019113814074717683,0.018341632329931776,-1,0.002613240418118501,0.016784452296819685,0.020390070921985748,0.009649122807017463,-0.009576437660653303,-0.00835986037572134,0.004445108822485722,0.0086442382847558,-0.0007511771576897974,-0.012123743734125947,0.005326586812734568,0.0007783587739196296,-0.0012165772849319634,-0.012804969198207061,-0.004199129462270079,0.009395415442445598,-1.0,0.0,0.011588391913275098,-0.008605839735936982,1.0,-1.0,1.0,1.0,-1.0,-1.0,1.0,1.0
2017-02-03,11.54,0.0069324090121317215,0.013925152306353272,11.54,11.49,11.417303302210145,-0.022530329289428108,0.0190170379994007,-1,0.0026064291920069316,0.00522648083623678,0.019434628975264934,0.023049645390070816,-0.010632296168964772,-0.009576437660653303,-0.00835986037572134,0.004445108822485722,0.0086442382847558,-0.0007511771576897974,-0.012123743734125947,0.005326586812734568,-0.001055858508311469,-0.0012165772849319634,-0.012804969198207061,-0.004199129462270079,-1.0,0.0,0.00016071877662049427,0.011588391913275098,-1.0,-1.0,-1.0,1.0,1.0,-1.0,-1.0,1.0
2017-02-06,11.38,0.014059753954305657,0.01736111111111116,11.38,11.52,11.412640389433875,-0.009666080843585334,0.013512074041997887,-1,-0.013864818024263315,-0.011294526498696666,-0.008710801393728151,0.005300353356890497,0.0028682240275812454,-0.010632296168964772,-0.009576437660653303,-0.00835986037572134,0.004445108822485722,0.0086442382847558,-0.0007511771576897974,-0.012123743734125947,0.013500520196546018,-0.001055858508311469,-0.0012165772849319634,-0.012804969198207061,1.0,2.0,0.014556378704857487,0.00016071877662049427,-3.0,-1.0,-1.0,-1.0,1.0,1.0,-1.0,-1.0
2017-02-07,11.19,0.0035746201966041936,0.01070472792149868,11.19,11.21,11.384810340754642,-0.0464700625558534,0.013609222235740322,-1,-0.016695957820738294,-0.030329289428076223,-0.02780191138140753,-0.025261324041811917,0.017409324464221942,0.0028682240275812454,-0.010632296168964772,-0.009576437660653303,-0.00835986037572134,0.004445108822485722,0.0086442382847558,-0.0007511771576897974,0.014541100436640697,0.013500520196546018,-0.001055858508311469,-0.0012165772849319634,1.0,0.0,0.0010405802400946795,0.014556378704857487,-1.0,1.0,-1.0,-1.0,-1.0,1.0,1.0,-1.0
2017-02-08,11.23,0.004452359750667759,0.021602160216021567,11.23,11.11,11.365459048160313,-0.06233303650935007,0.021702566909053086,-1,0.0035746201966042612,-0.013181019332161759,-0.026863084922010283,-0.024326672458731435,0.012062248277854959,0.017409324464221942,0.0028682240275812454,-0.010632296168964772,-0.009576437660653303,-0.00835986037572134,0.004445108822485722,0.0086442382847558,-0.0053470761863669836,0.014541100436640697,0.013500520196546018,-0.001055858508311469,1.0,0.0,-0.01988817662300768,0.0010405802400946795,1.0,1.0,1.0,-1.0,-1.0,-1.0,1.0,1.0
2017-02-09,11.35,0.003524229074889949,0.014247551202137162,11.35,11.23,11.363526667140276,-0.09339207048458154,0.03309123492461027,-2,0.010685663401602818,0.014298480786416379,-0.002636203866432485,-0.016464471403812797,0.0011917768405529383,0.012062248277854959,0.017409324464221942,0.0028682240275812454,-0.010632296168964772,-0.009576437660653303,-0.00835986037572134,0.004445108822485722,-0.01087047143730202,-0.0053470761863669836,0.014541100436640697,0.013500520196546018,1.0,0.0,-0.005523395250935037,-0.01988817662300768,1.0,1.0,1.0,1.0,-1.0,-1.0,-1.0,1.0
2017-02-10,11.5,0.00695652173913044,0.008673026886383273,11.5,11.53,11.38058583374774,-0.10608695652173916,0.03839471314722628,-2,0.013215859030837107,0.024042742653606286,0.027703306523681803,0.010544815465729274,-0.010383840543674805,0.0011917768405529383,0.012062248277854959,0.017409324464221942,0.0028682240275812454,-0.010632296168964772,-0.009576437660653303,-0.00835986037572134,-0.011575617384227743,-0.01087047143730202,-0.0053470761863669836,0.014541100436640697,-1.0,-2.0,-0.0007051459469257226,-0.005523395250935037,1.0,1.0,1.0,1.0,1.0,-1.0,-1.0,-1.0
2017-02-13,11.32,0.007067137809187284,0.008795074758135455,11.32,11.37,11.373012604529274,-0.09982332155477036,0.025865418891052754,-2,-0.01565217391304341,-0.002643171806167355,0.00801424755120217,0.011617515638963516,0.004683092272903977,-0.010383840543674805,0.0011917768405529383,0.012062248277854959,0.017409324464221942,0.0028682240275812454,-0.010632296168964772,-0.009576437660653303,0.015066932816578782,-0.011575617384227743,-0.01087047143730202,-0.0053470761863669836,1.0,2.0,0.026642550200806525,-0.0007051459469257226,1.0,-1.0,1.0,1.0,1.0,1.0,-1.0,-1.0
2017-02-14,11.38,0.009666080843585188,0.012195121951219523,11.38,11.48,11.373886028963113,-0.08787346221441128,0.0168577040564651,-2,0.005300353356890497,-0.01043478260869557,0.002643171806167466,0.01335707925200369,-0.00053725580288988,0.004683092272903977,-0.010383840543674805,0.0011917768405529383,0.012062248277854959,0.017409324464221942,0.0028682240275812454,-0.010632296168964772,-0.005220348075793857,0.015066932816578782,-0.011575617384227743,-0.01087047143730202,-1.0,-2.0,-0.02028728089237264,0.026642550200806525,3.0,1.0,-1.0,1.0,1.0,1.0,1.0,-1.0
2017-02-15,11.36,0.007922535211267593,0.011473962930273474,11.36,11.33,11.372150275342724,-0.0880281690140845,0.007876485885479569,-2,-0.0017574692442883233,0.0035335689045936647,-0.012173913043478257,0.0008810572687223406,0.0010695664914370795,-0.00053725580288988,0.004683092272903977,-0.010383840543674805,0.0011917768405529383,0.012062248277854959,0.017409324464221942,0.0028682240275812454,0.0016068222943269594,-0.005220348075793857,0.015066932816578782,-0.011575617384227743,1.0,2.0,0.006827170370120816,-0.02028728089237264,3.0,-1.0,1.0,-1.0,1.0,1.0,1.0,1.0
2017-02-16,11.41,0.003505696757230425,0.015734265734265732,11.41,11.44,11.376881490924886,-0.09465381244522353,0.007830536086601237,-2,0.004401408450704247,0.002636203866432263,0.007950530035335746,-0.00782608695652176,-0.0029025862467234598,0.0010695664914370795,-0.00053725580288988,0.004683092272903977,-0.010383840543674805,0.0011917768405529383,0.012062248277854959,0.017409324464221942,-0.003972152738160539,0.0016068222943269594,-0.005220348075793857,0.015066932816578782,-1.0,-2.0,-0.005578975032487499,0.006827170370120816,3.0,1.0,-1.0,1.0,-1.0,1.0,1.0,1.0
2017-02-17,11.39,0.002633889376646125,0.009717314487632578,11.39,11.32,11.378521304559273,-0.0983318700614575,0.005611781828536442,-2,-0.0017528483786152238,0.002640845070422726,0.0008787346221441616,0.006183745583038913,-0.001007787132636273,-0.0029025862467234598,0.0010695664914370795,-0.00053725580288988,0.004683092272903977,-0.010383840543674805,0.0011917768405529383,0.012062248277854959,0.0018947991140871867,-0.003972152738160539,0.0016068222943269594,-0.005220348075793857,-1.0,0.0,0.005866951852247726,-0.005578975032487499,1.0,-1.0,1.0,-1.0,1.0,-1.0,1.0,1.0
2017-02-21,11.54,0.008665511265164771,0.011177987962166848,11.54,11.63,11.398706141489365,-0.12391681109185437,0.014861020856468388,-2,0.013169446883230851,0.011393514460999121,0.015845070422535246,0.014059753954305698,-0.012243835226224853,-0.001007787132636273,-0.0029025862467234598,0.0010695664914370795,-0.00053725580288988,0.004683092272903977,-0.010383840543674805,0.0011917768405529383,-0.01123604809358858,0.0018947991140871867,-0.003972152738160539,0.0016068222943269594,-1.0,0.0,-0.013130847207675767,0.005866951852247726,-1.0,-1.0,-1.0,1.0,-1.0,1.0,-1.0,1.0
2017-02-22,11.36,0.003521126760563462,0.007029876977152849,11.36,11.38,11.393867873803194,-0.10915492957746487,0.014060893667549153,-2,-0.01559792027729634,-0.0026338893766463256,-0.004382120946538226,0.0,0.002981326919295313,-0.012243835226224853,-0.001007787132636273,-0.0029025862467234598,0.0010695664914370795,-0.00053725580288988,0.004683092272903977,-0.010383840543674805,0.015225162145520166,-0.01123604809358858,0.0018947991140871867,-0.003972152738160539,1.0,2.0,0.026461210239108746,-0.013130847207675767,-3.0,-1.0,-1.0,-1.0,1.0,-1.0,1.0,-1.0
2017-02-23,11.53,0.010407632263660104,0.012919896640826822,11.53,11.61,11.410884389577793,-0.13183000867302685,0.016047970791848193,-2,0.014964788732394263,-0.0008665511265164572,0.012291483757681965,0.010517090271691343,-0.010330928917797522,0.002981326919295313,-0.012243835226224853,-0.001007787132636273,-0.0029025862467234598,0.0010695664914370795,-0.00053725580288988,0.004683092272903977,-0.013312255837092835,0.015225162145520166,-0.01123604809358858,0.0018947991140871867,-1.0,-2.0,-0.028537417982613,0.026461210239108746,-1.0,1.0,-1.0,-1.0,-1.0,1.0,-1.0,1.0
