,names,prob_u
0,1510865700.png,0.3614833720224172
1,1510929000.png,0.3614833720224172
2,1510929300.png,0.3614833720224172
3,1510929600.png,0.3614833720224172
4,1510929900.png,0.3614833720224172
5,1510930200.png,0.3614833720224172
6,1510930500.png,0.3614833720224172
7,1510930800.png,0.3614833720224172
8,1510931100.png,0.3614833720224172
9,1510931400.png,0.3614833720224172
10,1510931700.png,0.3614833720224172
11,1510932000.png,0.3614833720224172
12,1510932300.png,0.3614833720224172
13,1510932600.png,0.3614833720224172
14,1510932900.png,0.3614833720224172
15,1510933200.png,0.3614833720224172
16,1510933500.png,0.3614833720224172
17,1510933800.png,0.3614833720224172
18,1510934100.png,0.3614833720224172
19,1510934400.png,0.3614833720224172
20,1510934700.png,0.3614833720224172
21,1510935000.png,0.3614833720224172
22,1510935300.png,0.3614833720224172
23,1510935600.png,0.3614833720224172
24,1510935900.png,0.3614833720224172
25,1510936200.png,0.3614833720224172
26,1510936500.png,0.3614833720224172
27,1510936800.png,0.3614833720224172
28,1510937100.png,0.3614833720224172
29,1510937400.png,0.3614833720224172
30,1510937700.png,0.3614833720224172
31,1510938000.png,0.3614833720224172
32,1510938300.png,0.3614833720224172
33,1510938600.png,0.3614833720224172
34,1510938900.png,0.3614833720224172
35,1510939200.png,0.3614833720224172
36,1510939500.png,0.3614833720224172
37,1510939800.png,0.3614833720224172
38,1510940100.png,0.3614833720224172
39,1510940400.png,0.3614833720224172
40,1510940700.png,0.3614833720224172
41,1510941000.png,0.3614833720224172
42,1510941300.png,0.3614833720224172
43,1510941600.png,0.5434617524678951
44,1510941900.png,0.5434617524678951
45,1510942200.png,0.5434617524678951
46,1510942500.png,0.5434617524678951
47,1510942800.png,0.5434617524678951
48,1510943100.png,0.5434617524678951
49,1510943400.png,0.5434617524678951
50,1510943700.png,0.5280778639727379
51,1510944000.png,0.5280778639727379
52,1510944300.png,0.5280778639727379
53,1510944600.png,0.5280778639727379
54,1510944900.png,0.5280778639727379
55,1510945200.png,0.5280778639727379
56,1510945500.png,0.5280778639727379
57,1510945800.png,0.5280778639727379
58,1510946100.png,0.5280778639727379
59,1510946400.png,0.5280778639727379
60,1510946700.png,0.5280778639727379
61,1510947000.png,0.6064136705101137
62,1510947300.png,0.6536102319676451
63,1510947600.png,0.6536102319676451
64,1510947900.png,0.6536102319676451
65,1510948200.png,0.6536102319676451
66,1510948500.png,0.6536102319676451
67,1510948800.png,0.6536102319676451
68,1510949100.png,0.6536102319676451
69,1510949400.png,0.6536102319676451
70,1510949700.png,0.5598602319676451
71,1510950000.png,0.5598602319676451
72,1510950300.png,0.5752441204628022
73,1510950600.png,0.5598602319676451
74,1510950900.png,0.5598602319676451
75,1510951200.png,0.5752441204628022
76,1510951500.png,0.5752441204628022
77,1510951800.png,0.5752441204628022
78,1510952100.png,0.5752441204628022
79,1511188200.png,0.5752441204628022
80,1511188500.png,0.5752441204628022
81,1511188800.png,0.5752441204628022
82,1511189100.png,0.5752441204628022
83,1511189400.png,0.5752441204628022
84,1511189700.png,0.5752441204628022
85,1511190000.png,0.5752441204628022
86,1511190300.png,0.5752441204628022
87,1511190600.png,0.5752441204628022
88,1511190900.png,0.5752441204628022
89,1511191200.png,0.5752441204628022
90,1511191500.png,0.6628716714832102
91,1511191800.png,0.6628716714832102
92,1511192100.png,0.6628716714832102
93,1511192400.png,0.6628716714832102
94,1511192700.png,0.6628716714832102
95,1511193000.png,0.6628716714832102
96,1511193300.png,0.6628716714832102
97,1511193600.png,0.6628716714832102
98,1511193900.png,0.6628716714832102
99,1511194200.png,0.6628716714832102
100,1511194500.png,0.6628716714832102
101,1511194800.png,0.6628716714832102
102,1511195100.png,0.6628716714832102
103,1511195400.png,0.6628716714832102
104,1511195700.png,0.6628716714832102
105,1511196000.png,0.6628716714832102
106,1511196300.png,0.6628716714832102
107,1511196600.png,0.704815490762113
108,1511196900.png,0.704815490762113
109,1511197200.png,0.704815490762113
110,1511197500.png,0.704815490762113
111,1511197800.png,0.704815490762113
112,1511198100.png,0.704815490762113
113,1511198400.png,0.704815490762113
114,1511198700.png,0.704815490762113
115,1511199000.png,0.704815490762113
116,1511199300.png,0.7270377129843352
117,1511199600.png,0.7270377129843352
118,1511199900.png,0.7270377129843352
119,1511200200.png,0.7270377129843352
120,1511200500.png,0.7270377129843352
121,1511200800.png,0.5378571846500237
122,1511201100.png,0.5378571846500237
123,1511201400.png,0.5378571846500237
124,1511201700.png,0.5378571846500237
125,1511202000.png,0.5378571846500237
126,1511202300.png,0.5378571846500237
127,1511202600.png,0.5378571846500237
128,1511202900.png,0.5378571846500237
129,1511203200.png,0.5378571846500237
130,1511203500.png,0.5378571846500237
131,1511203800.png,0.5378571846500237
132,1511204100.png,0.5378571846500237
133,1511204400.png,0.5378571846500237
134,1511204700.png,0.5378571846500237
135,1511205000.png,0.5378571846500237
136,1511205300.png,0.5378571846500237
137,1511205600.png,0.5378571846500237
138,1511205900.png,0.5378571846500237
139,1511206200.png,0.5378571846500237
140,1511206500.png,0.5378571846500237
141,1511206800.png,0.5378571846500237
142,1511207100.png,0.5378571846500237
143,1511207400.png,0.5378571846500237
144,1511207700.png,0.5378571846500237
145,1511208000.png,0.5378571846500237
146,1511208300.png,0.5378571846500237
147,1511208600.png,0.5378571846500237
148,1511208900.png,0.5378571846500237
149,1511209200.png,0.5378571846500237
150,1511209500.png,0.5378571846500237
151,1511209800.png,0.5378571846500237
152,1511210100.png,0.5378571846500237
153,1511210400.png,0.5378571846500237
154,1511210700.png,0.5673662909686237
155,1511211000.png,0.5673662909686237
156,1511211300.png,0.5378571846500237
157,1511274600.png,0.554720859335278
158,1511274900.png,0.45033791823778085
159,1511275200.png,0.45033791823778085
160,1511275500.png,0.45033791823778085
161,1511275800.png,0.45033791823778085
162,1511276100.png,0.45033791823778085
163,1511276400.png,0.45033791823778085
164,1511276700.png,0.45033791823778085
165,1511277000.png,0.45033791823778085
166,1511277300.png,0.45033791823778085
167,1511277600.png,0.45033791823778085
168,1511277900.png,0.45033791823778085
169,1511278200.png,0.45033791823778085
170,1511278500.png,0.45033791823778085
171,1511278800.png,0.45033791823778085
172,1511279100.png,0.45033791823778085
173,1511279400.png,0.45033791823778085
174,1511279700.png,0.45033791823778085
175,1511280000.png,0.45033791823778085
176,1511280300.png,0.45033791823778085
177,1511280600.png,0.45033791823778085
178,1511280900.png,0.45033791823778085
179,1511281200.png,0.45033791823778085
180,1511281500.png,0.45033791823778085
181,1511281800.png,0.45033791823778085
182,1511282100.png,0.45033791823778085
183,1511282400.png,0.45033791823778085
184,1511282700.png,0.45033791823778085
185,1511283000.png,0.45033791823778085
186,1511283300.png,0.45033791823778085
187,1511283600.png,0.45033791823778085
188,1511283900.png,0.45033791823778085
189,1511284200.png,0.45033791823778085
190,1511284500.png,0.45033791823778085
191,1511284800.png,0.45033791823778085
192,1511285100.png,0.45033791823778085
193,1511285400.png,0.45033791823778085
194,1511285700.png,0.45033791823778085
195,1511286000.png,0.45033791823778085
196,1511286300.png,0.45033791823778085
197,1511286600.png,0.45033791823778085
198,1511286900.png,0.45033791823778085
199,1511287200.png,0.45033791823778085
200,1511287500.png,0.45033791823778085
201,1511287800.png,0.45033791823778085
202,1511288100.png,0.45033791823778085
203,1511288400.png,0.45033791823778085
204,1511288700.png,0.45033791823778085
205,1511289000.png,0.45033791823778085
206,1511289300.png,0.45033791823778085
207,1511289600.png,0.45033791823778085
208,1511289900.png,0.39584535198050863
209,1511290200.png,0.39584535198050863
210,1511290500.png,0.39584535198050863
211,1511290800.png,0.39584535198050863
212,1511291100.png,0.39584535198050863
213,1511291400.png,0.39584535198050863
214,1511291700.png,0.39584535198050863
215,1511292000.png,0.39584535198050863
216,1511292300.png,0.39584535198050863
217,1511292600.png,0.39584535198050863
218,1511292900.png,0.39584535198050863
219,1511293200.png,0.39584535198050863
220,1511293500.png,0.39584535198050863
221,1511293800.png,0.39584535198050863
222,1511294100.png,0.4870005053694305
223,1511294400.png,0.39584535198050863
224,1511294700.png,0.4870005053694305
225,1511295000.png,0.4870005053694305
226,1511295300.png,0.4659426409828725
227,1511295600.png,0.4659426409828725
228,1511295900.png,0.4659426409828725
229,1511296200.png,0.4659426409828725
230,1511296500.png,0.4104802426088888
231,1511296800.png,0.4104802426088888
232,1511297100.png,0.4104802426088888
233,1511297400.png,0.4104802426088888
234,1511297700.png,0.4104802426088888
235,1511361000.png,0.4104802426088888
236,1511361300.png,0.4104802426088888
237,1511361600.png,0.4104802426088888
238,1511361900.png,0.4104802426088888
239,1511362200.png,0.4104802426088888
240,1511362500.png,0.4104802426088888
241,1511362800.png,0.4104802426088888
242,1511363100.png,0.4104802426088888
243,1511363400.png,0.4104802426088888
244,1511363700.png,0.4104802426088888
245,1511364000.png,0.4104802426088888
246,1511364300.png,0.4104802426088888
247,1511364600.png,0.4104802426088888
248,1511364900.png,0.4104802426088888
249,1511365200.png,0.4104802426088888
250,1511365500.png,0.4104802426088888
251,1511365800.png,0.4104802426088888
252,1511366100.png,0.4104802426088888
253,1511366400.png,0.4104802426088888
254,1511366700.png,0.4104802426088888
255,1511367000.png,0.4104802426088888
256,1511367300.png,0.4104802426088888
257,1511367600.png,0.4104802426088888
258,1511367900.png,0.4104802426088888
259,1511368200.png,0.4104802426088888
260,1511368500.png,0.4104802426088888
261,1511368800.png,0.4104802426088888
262,1511369100.png,0.4104802426088888
263,1511369400.png,0.4104802426088888
264,1511369700.png,0.4104802426088888
265,1511370000.png,0.4104802426088888
266,1511370300.png,0.4104802426088888
267,1511370600.png,0.4104802426088888
268,1511370900.png,0.4104802426088888
269,1511371200.png,0.4104802426088888
270,1511371500.png,0.4104802426088888
271,1511371800.png,0.4104802426088888
272,1511372100.png,0.4104802426088888
273,1511372400.png,0.44806952832317454
274,1511372700.png,0.4104802426088888
275,1511373000.png,0.44806952832317454
276,1511373300.png,0.44806952832317454
277,1511373600.png,0.6660857193931677
278,1511373900.png,0.6660857193931677
279,1511374200.png,0.6661550280478401
280,1511374500.png,0.5414691286253945
281,1511374800.png,0.5414691286253945
282,1511375100.png,0.5414691286253945
283,1511375400.png,0.5414691286253945
284,1511375700.png,0.5414691286253945
285,1511376000.png,0.5414691286253945
286,1511376300.png,0.5414691286253945
287,1511376600.png,0.5414691286253945
288,1511376900.png,0.5414691286253945
289,1511377200.png,0.5414691286253945
290,1511377500.png,0.5414691286253945
291,1511377800.png,0.5414691286253945
292,1511378100.png,0.5414691286253945
293,1511378400.png,0.5414691286253945
294,1511378700.png,0.5414691286253945
295,1511379000.png,0.5414691286253945
296,1511379300.png,0.5414691286253945
297,1511379600.png,0.5414691286253945
298,1511379900.png,0.5414691286253945
299,1511380200.png,0.5414691286253945
300,1511380500.png,0.5414691286253945
301,1511380800.png,0.5414691286253945
302,1511381100.png,0.5414691286253945
303,1511381400.png,0.5414691286253945
304,1511381700.png,0.5414691286253945
305,1511382000.png,0.5414691286253945
306,1511382300.png,0.5414691286253945
307,1511382600.png,0.5414691286253945
308,1511382900.png,0.5414691286253945
309,1511383200.png,0.5414691286253945
310,1511383500.png,0.6198049351627704
311,1511383800.png,0.5414691286253945
312,1511384100.png,0.5414691286253945
313,1511533800.png,0.7270377129843352
314,1511534100.png,0.7270377129843352
315,1511534400.png,0.7270377129843352
316,1511534700.png,0.7270377129843352
317,1511535000.png,0.7270377129843352
318,1511535300.png,0.7270377129843352
319,1511535600.png,0.7270377129843352
320,1511535900.png,0.7270377129843352
321,1511536200.png,0.7270377129843352
322,1511536500.png,0.7270377129843352
323,1511536800.png,0.7270377129843352
324,1511537100.png,0.7270377129843352
325,1511537400.png,0.7270377129843352
326,1511537700.png,0.7270377129843352
327,1511538000.png,0.7270377129843352
328,1511538300.png,0.7270377129843352
329,1511538600.png,0.7270377129843352
330,1511538900.png,0.7270377129843352
331,1511539200.png,0.7270377129843352
332,1511539500.png,0.5553493367215674
333,1511539800.png,0.5553493367215674
334,1511540100.png,0.5553493367215674
335,1511540400.png,0.5553493367215674
336,1511540700.png,0.5553493367215674
337,1511541000.png,0.5553493367215674
338,1511541300.png,0.5553493367215674
339,1511541600.png,0.5846242296494828
340,1511541900.png,0.5846242296494828
341,1511542200.png,0.5846242296494828
342,1511542500.png,0.5846242296494828
343,1511542800.png,0.5846242296494828
344,1511543100.png,0.5846242296494828
345,1511543400.png,0.567265655415473
346,1511543700.png,0.567265655415473
347,1511544000.png,0.567265655415473
348,1511544300.png,0.567265655415473
349,1511544600.png,0.567265655415473
350,1511544900.png,0.567265655415473
351,1511545200.png,0.567265655415473
352,1511545500.png,0.567265655415473
353,1511545800.png,0.567265655415473
354,1511546100.png,0.567265655415473
355,1511546400.png,0.567265655415473
356,1511793000.png,0.567265655415473
357,1511793300.png,0.567265655415473
358,1511793600.png,0.6600908953469677
359,1511793900.png,0.6600908953469677
360,1511794200.png,0.6600908953469677
361,1511794500.png,0.6600908953469677
362,1511794800.png,0.6600908953469677
363,1511795100.png,0.6600908953469677
364,1511795400.png,0.6600908953469677
365,1511795700.png,0.6600908953469677
366,1511796000.png,0.6600908953469677
367,1511796300.png,0.6600908953469677
368,1511796600.png,0.6600908953469677
369,1511796900.png,0.6600908953469677
370,1511797200.png,0.6600908953469677
371,1511797500.png,0.6600908953469677
372,1511797800.png,0.6869201636396508
373,1511798100.png,0.6869201636396508
374,1511798400.png,0.6869201636396508
375,1511798700.png,0.6487271451591579
376,1511799000.png,0.6487271451591579
377,1511799300.png,0.6487271451591579
378,1511799600.png,0.6487271451591579
379,1511799900.png,0.6487271451591579
380,1511800200.png,0.6487271451591579
381,1511800500.png,0.6487271451591579
382,1511800800.png,0.6487271451591579
383,1511801100.png,0.6487271451591579
384,1511801400.png,0.6487271451591579
385,1511801700.png,0.6487271451591579
386,1511802000.png,0.6487271451591579
387,1511802300.png,0.6487271451591579
388,1511802600.png,0.6487271451591579
389,1511802900.png,0.6487271451591579
390,1511803200.png,0.6487271451591579
391,1511803500.png,0.6487271451591579
392,1511803800.png,0.6487271451591579
393,1511804100.png,0.6487271451591579
394,1511804400.png,0.6487271451591579
395,1511804700.png,0.6487271451591579
396,1511805000.png,0.6487271451591579
397,1511805300.png,0.6487271451591579
398,1511805600.png,0.6487271451591579
399,1511805900.png,0.6487271451591579
400,1511806200.png,0.6487271451591579
401,1511806500.png,0.6487271451591579
402,1511806800.png,0.5561194288326661
403,1511807100.png,0.5561194288326661
404,1511807400.png,0.5561194288326661
405,1511807700.png,0.5561194288326661
406,1511808000.png,0.5561194288326661
407,1511808300.png,0.5561194288326661
408,1511808600.png,0.5561194288326661
409,1511808900.png,0.5943124473131589
410,1511809200.png,0.5943124473131589
411,1511809500.png,0.5943124473131589
412,1511809800.png,0.5943124473131589
413,1511810100.png,0.5943124473131589
414,1511810400.png,0.5943124473131589
415,1511810700.png,0.5943124473131589
416,1511811000.png,0.5943124473131589
417,1511811300.png,0.5943124473131589
418,1511811600.png,0.567483179020476
419,1511811900.png,0.567483179020476
420,1511812200.png,0.567483179020476
421,1511812500.png,0.6034629087502057
422,1511812800.png,0.6034629087502057
423,1511813100.png,0.6034629087502057
424,1511813400.png,0.6034629087502057
425,1511813700.png,0.6034629087502057
426,1511814000.png,0.6034629087502057
427,1511814300.png,0.6034629087502057
428,1511814600.png,0.6034629087502057
429,1511814900.png,0.6034629087502057
430,1511815200.png,0.6034629087502057
431,1511815500.png,0.6034629087502057
432,1511815800.png,0.6034629087502057
433,1511816100.png,0.7270377129843352
434,1511879400.png,0.7270377129843352
435,1511879700.png,0.7270377129843352
436,1511880000.png,0.5553493367215674
437,1511880300.png,0.5553493367215674
438,1511880600.png,0.5553493367215674
439,1511880900.png,0.5553493367215674
440,1511881200.png,0.5553493367215674
441,1511881500.png,0.5553493367215674
442,1511881800.png,0.5553493367215674
443,1511882100.png,0.5553493367215674
444,1511882400.png,0.5553493367215674
445,1511882700.png,0.5553493367215674
446,1511883000.png,0.5553493367215674
447,1511883300.png,0.5553493367215674
448,1511883600.png,0.5553493367215674
449,1511883900.png,0.5553493367215674
450,1511884200.png,0.5553493367215674
451,1511884500.png,0.5553493367215674
452,1511884800.png,0.5553493367215674
453,1511885100.png,0.5553493367215674
454,1511885400.png,0.5553493367215674
455,1511885700.png,0.5553493367215674
456,1511886000.png,0.5553493367215674
457,1511886300.png,0.5553493367215674
458,1511886600.png,0.5553493367215674
459,1511886900.png,0.6167718875959207
460,1511887200.png,0.6167718875959207
461,1511887500.png,0.6167718875959207
462,1511887800.png,0.6167718875959207
463,1511888100.png,0.6167718875959207
464,1511888400.png,0.6167718875959207
465,1511888700.png,0.599413313361911
466,1511889000.png,0.599413313361911
467,1511889300.png,0.599413313361911
468,1511889600.png,0.599413313361911
469,1511889900.png,0.599413313361911
470,1511890200.png,0.599413313361911
471,1511890500.png,0.599413313361911
472,1511890800.png,0.599413313361911
473,1511891100.png,0.599413313361911
474,1511891400.png,0.599413313361911
475,1511891700.png,0.599413313361911
476,1511892000.png,0.599413313361911
477,1511892300.png,0.599413313361911
478,1511892600.png,0.599413313361911
479,1511892900.png,0.599413313361911
480,1511893200.png,0.599413313361911
481,1511893500.png,0.599413313361911
482,1511893800.png,0.599413313361911
483,1511894100.png,0.599413313361911
484,1511894400.png,0.599413313361911
485,1511894700.png,0.599413313361911
486,1511895000.png,0.599413313361911
487,1511895300.png,0.599413313361911
488,1511895600.png,0.599413313361911
489,1511895900.png,0.599413313361911
490,1511896200.png,0.599413313361911
491,1511896500.png,0.599413313361911
492,1511896800.png,0.599413313361911
493,1511897100.png,0.599413313361911
494,1511897400.png,0.599413313361911
495,1511897700.png,0.599413313361911
496,1511898000.png,0.599413313361911
497,1511898300.png,0.599413313361911
498,1511898600.png,0.599413313361911
499,1511898900.png,0.599413313361911
500,1511899200.png,0.599413313361911
501,1511899500.png,0.599413313361911
502,1511899800.png,0.599413313361911
503,1511900100.png,0.5917601251261984
504,1511900400.png,0.5917601251261984
505,1511900700.png,0.5917601251261984
506,1511901000.png,0.5917601251261984
507,1511901300.png,0.5917601251261984
508,1511901600.png,0.5917601251261984
509,1511901900.png,0.5917601251261984
510,1511902200.png,0.5917601251261984
511,1511902500.png,0.5917601251261984
512,1511965800.png,0.5917601251261984
513,1511966100.png,0.5917601251261984
514,1511966400.png,0.5917601251261984
515,1511966700.png,0.5917601251261984
516,1511967000.png,0.5917601251261984
517,1511967300.png,0.5917601251261984
518,1511967600.png,0.5917601251261984
519,1511967900.png,0.5917601251261984
520,1511968200.png,0.5917601251261984
521,1511968500.png,0.5917601251261984
522,1511968800.png,0.5917601251261984
523,1511969100.png,0.5917601251261984
524,1511969400.png,0.5917601251261984
525,1511969700.png,0.5917601251261984
526,1511970000.png,0.5917601251261984
527,1511970300.png,0.5917601251261984
528,1511970600.png,0.5917601251261984
529,1511970900.png,0.5917601251261984
530,1511971200.png,0.5917601251261984
531,1511971500.png,0.5917601251261984
532,1511971800.png,0.5917601251261984
533,1511972100.png,0.5917601251261984
534,1511972400.png,0.5917601251261984
535,1511972700.png,0.5917601251261984
536,1511973000.png,0.5917601251261984
537,1511973300.png,0.5917601251261984
538,1511973600.png,0.5917601251261984
539,1511973900.png,0.5917601251261984
540,1511974200.png,0.5917601251261984
541,1511974500.png,0.5917601251261984
542,1511974800.png,0.6307720587831563
543,1511975100.png,0.6307720587831563
544,1511975400.png,0.6307720587831563
545,1511975700.png,0.6307720587831563
546,1511976000.png,0.6307720587831563
547,1511976300.png,0.6307720587831563
548,1511976600.png,0.6307720587831563
549,1511976900.png,0.6307720587831563
550,1511977200.png,0.6307720587831563
551,1511977500.png,0.6307720587831563
552,1511977800.png,0.6307720587831563
553,1511978100.png,0.6307720587831563
554,1511978400.png,0.599413313361911
555,1511978700.png,0.599413313361911
556,1511979000.png,0.599413313361911
557,1511979300.png,0.599413313361911
558,1511979600.png,0.599413313361911
559,1511979900.png,0.599413313361911
560,1511980200.png,0.599413313361911
561,1511980500.png,0.599413313361911
562,1511980800.png,0.599413313361911
563,1511981100.png,0.599413313361911
564,1511981400.png,0.599413313361911
565,1511981700.png,0.6520052325903831
566,1511982000.png,0.6507598113449619
567,1511982300.png,0.6507598113449619
568,1511982600.png,0.6507598113449619
569,1511982900.png,0.6507598113449619
570,1511983200.png,0.6507598113449619
571,1511983500.png,0.6507598113449619
572,1511983800.png,0.6507598113449619
573,1511984100.png,0.6507598113449619
574,1511984400.png,0.6149264780116285
575,1511984700.png,0.6149264780116285
576,1511985000.png,0.6149264780116285
577,1511985300.png,0.6149264780116285
578,1511985600.png,0.6149264780116285
579,1511985900.png,0.6034629087502057
580,1511986200.png,0.6034629087502057
581,1511986500.png,0.6034629087502057
582,1511986800.png,0.6034629087502057
583,1511987100.png,0.6034629087502057
584,1511987400.png,0.6034629087502057
585,1511987700.png,0.6034629087502057
586,1511988000.png,0.6034629087502057
587,1511988300.png,0.6034629087502057
588,1511988600.png,0.6034629087502057
589,1511988900.png,0.6034629087502057
590,1512052200.png,0.5258402304029673
591,1512052500.png,0.5258402304029673
592,1512052800.png,0.5258402304029673
593,1512053100.png,0.5258402304029673
594,1512053400.png,0.5258402304029673
595,1512053700.png,0.5258402304029673
596,1512054000.png,0.5553493367215674
597,1512054300.png,0.5258402304029673
598,1512054600.png,0.5553493367215674
599,1512054900.png,0.5553493367215674
600,1512055200.png,0.5553493367215674
601,1512055500.png,0.5553493367215674
602,1512055800.png,0.5553493367215674
603,1512056100.png,0.5553493367215674
604,1512056400.png,0.5553493367215674
605,1512056700.png,0.5553493367215674
606,1512057000.png,0.5553493367215674
607,1512057300.png,0.5553493367215674
608,1512057600.png,0.5553493367215674
609,1512057900.png,0.5553493367215674
610,1512058200.png,0.5553493367215674
611,1512058500.png,0.5553493367215674
612,1512058800.png,0.5553493367215674
613,1512059100.png,0.5553493367215674
614,1512059400.png,0.5553493367215674
615,1512059700.png,0.6167718875959207
616,1512060000.png,0.6167718875959207
617,1512060300.png,0.599413313361911
618,1512060600.png,0.599413313361911
619,1512060900.png,0.599413313361911
620,1512061200.png,0.599413313361911
621,1512061500.png,0.599413313361911
622,1512061800.png,0.599413313361911
623,1512062100.png,0.599413313361911
624,1512062400.png,0.599413313361911
625,1512062700.png,0.599413313361911
626,1512063000.png,0.599413313361911
627,1512063300.png,0.599413313361911
628,1512063600.png,0.599413313361911
629,1512063900.png,0.599413313361911
630,1512064200.png,0.599413313361911
631,1512064500.png,0.599413313361911
632,1512064800.png,0.599413313361911
633,1512065100.png,0.599413313361911
634,1512065400.png,0.599413313361911
635,1512065700.png,0.599413313361911
636,1512066000.png,0.599413313361911
637,1512066300.png,0.599413313361911
638,1512066600.png,0.599413313361911
639,1512066900.png,0.599413313361911
640,1512067200.png,0.599413313361911
641,1512067500.png,0.599413313361911
642,1512067800.png,0.599413313361911
643,1512068100.png,0.599413313361911
644,1512068400.png,0.599413313361911
645,1512068700.png,0.599413313361911
646,1512069000.png,0.599413313361911
647,1512069300.png,0.599413313361911
648,1512069600.png,0.599413313361911
649,1512069900.png,0.599413313361911
650,1512070200.png,0.599413313361911
651,1512070500.png,0.599413313361911
652,1512070800.png,0.599413313361911
653,1512071100.png,0.599413313361911
654,1512071400.png,0.599413313361911
655,1512071700.png,0.599413313361911
656,1512072000.png,0.599413313361911
657,1512072300.png,0.599413313361911
658,1512072600.png,0.599413313361911
659,1512072900.png,0.599413313361911
660,1512073200.png,0.599413313361911
661,1512073500.png,0.599413313361911
662,1512073800.png,0.599413313361911
663,1512074100.png,0.599413313361911
664,1512074400.png,0.599413313361911
665,1512074700.png,0.599413313361911
666,1512075000.png,0.599413313361911
667,1512075300.png,0.599413313361911
668,1512138600.png,0.599413313361911
669,1512138900.png,0.599413313361911
670,1512139200.png,0.599413313361911
671,1512139500.png,0.599413313361911
672,1512139800.png,0.599413313361911
673,1512140100.png,0.599413313361911
674,1512140400.png,0.599413313361911
675,1512140700.png,0.599413313361911
676,1512141000.png,0.599413313361911
677,1512141300.png,0.599413313361911
678,1512141600.png,0.599413313361911
679,1512141900.png,0.599413313361911
680,1512142200.png,0.599413313361911
681,1512142500.png,0.599413313361911
682,1512142800.png,0.599413313361911
683,1512143100.png,0.599413313361911
684,1512143400.png,0.599413313361911
685,1512143700.png,0.599413313361911
686,1512144000.png,0.599413313361911
687,1512144300.png,0.599413313361911
688,1512144600.png,0.6960706250766975
689,1512144900.png,0.6960706250766975
690,1512145200.png,0.6960706250766975
691,1512145500.png,0.6960706250766975
692,1512145800.png,0.6660857193931677
693,1512146100.png,0.6660857193931677
694,1512146400.png,0.6660857193931677
695,1512146700.png,0.6660857193931677
696,1512147000.png,0.6660857193931677
697,1512147300.png,0.6660857193931677
698,1512147600.png,0.6660857193931677
699,1512147900.png,0.6660857193931677
700,1512148200.png,0.6660857193931677
701,1512148500.png,0.6660857193931677
702,1512148800.png,0.6660857193931677
703,1512149100.png,0.6660857193931677
704,1512149400.png,0.6660857193931677
705,1512149700.png,0.6660857193931677
706,1512150000.png,0.6660857193931677
707,1512150300.png,0.6660857193931677
708,1512150600.png,0.6660857193931677
709,1512150900.png,0.6660857193931677
710,1512151200.png,0.6660857193931677
711,1512151500.png,0.6660857193931677
712,1512151800.png,0.6660857193931677
713,1512152100.png,0.6660857193931677
714,1512152400.png,0.6660857193931677
715,1512152700.png,0.6660857193931677
716,1512153000.png,0.6660857193931677
717,1512153300.png,0.6660857193931677
718,1512153600.png,0.6660857193931677
719,1512153900.png,0.6660857193931677
720,1512154200.png,0.6660857193931677
721,1512154500.png,0.6660857193931677
722,1512154800.png,0.6660857193931677
723,1512155100.png,0.6660857193931677
724,1512155400.png,0.6660857193931677
725,1512155700.png,0.6660857193931677
726,1512156000.png,0.6660857193931677
727,1512156300.png,0.6487271451591579
728,1512156600.png,0.6487271451591579
729,1512156900.png,0.6487271451591579
730,1512157200.png,0.6487271451591579
731,1512157500.png,0.6487271451591579
732,1512157800.png,0.6487271451591579
733,1512158100.png,0.6487271451591579
734,1512158400.png,0.6487271451591579
735,1512158700.png,0.6487271451591579
736,1512159000.png,0.6487271451591579
737,1512159300.png,0.6487271451591579
738,1512159600.png,0.6487271451591579
739,1512159900.png,0.6487271451591579
740,1512160200.png,0.6487271451591579
741,1512160500.png,0.6487271451591579
742,1512160800.png,0.6487271451591579
743,1512161100.png,0.6487271451591579
744,1512161400.png,0.6487271451591579
745,1512161700.png,0.6487271451591579
746,1512397800.png,0.6487271451591579
747,1512398100.png,0.6487271451591579
748,1512398400.png,0.6487271451591579
749,1512398700.png,0.6487271451591579
750,1512399000.png,0.6487271451591579
751,1512399300.png,0.6487271451591579
752,1512399600.png,0.6487271451591579
753,1512399900.png,0.6487271451591579
754,1512400200.png,0.6487271451591579
755,1512400500.png,0.6487271451591579
756,1512400800.png,0.6487271451591579
757,1512401100.png,0.6487271451591579
758,1512401400.png,0.6487271451591579
759,1512401700.png,0.6487271451591579
760,1512402000.png,0.6487271451591579
761,1512402300.png,0.6487271451591579
762,1512402600.png,0.6487271451591579
763,1512402900.png,0.6487271451591579
764,1512403200.png,0.6487271451591579
765,1512403500.png,0.6487271451591579
766,1512403800.png,0.6487271451591579
767,1512404100.png,0.6487271451591579
768,1512404400.png,0.6487271451591579
769,1512404700.png,0.6487271451591579
770,1512405000.png,0.6487271451591579
771,1512405300.png,0.6487271451591579
772,1512405600.png,0.6487271451591579
773,1512405900.png,0.6487271451591579
774,1512406200.png,0.6487271451591579
775,1512406500.png,0.6487271451591579
776,1512406800.png,0.6487271451591579
777,1512407100.png,0.6487271451591579
778,1512407400.png,0.6487271451591579
779,1512407700.png,0.6487271451591579
780,1512408000.png,0.6487271451591579
781,1512408300.png,0.6487271451591579
782,1512408600.png,0.6487271451591579
783,1512408900.png,0.6487271451591579
784,1512409200.png,0.6487271451591579
785,1512409500.png,0.6487271451591579
786,1512409800.png,0.6487271451591579
787,1512410100.png,0.6487271451591579
788,1512410400.png,0.6487271451591579
789,1512410700.png,0.5792826096625293
790,1512411000.png,0.5792826096625293
791,1512411300.png,0.5792826096625293
792,1512411600.png,0.5792826096625293
793,1512411900.png,0.5792826096625293
794,1512412200.png,0.5792826096625293
795,1512412500.png,0.5792826096625293
796,1512412800.png,0.5792826096625293
797,1512413100.png,0.5792826096625293
798,1512413400.png,0.5792826096625293
799,1512413700.png,0.5792826096625293
800,1512414000.png,0.5792826096625293
801,1512414300.png,0.5792826096625293
802,1512414600.png,0.5792826096625293
803,1512414900.png,0.5792826096625293
804,1512415200.png,0.5792826096625293
805,1512415500.png,0.5792826096625293
806,1512415800.png,0.5792826096625293
807,1512416100.png,0.5792826096625293
808,1512416400.png,0.5792826096625293
809,1512416700.png,0.5792826096625293
810,1512417000.png,0.5792826096625293
811,1512417300.png,0.5792826096625293
812,1512417600.png,0.5792826096625293
813,1512417900.png,0.5792826096625293
814,1512418200.png,0.5792826096625293
815,1512418500.png,0.5792826096625293
816,1512418800.png,0.5792826096625293
817,1512419100.png,0.5792826096625293
818,1512419400.png,0.5596124671797607
819,1512419700.png,0.5596124671797607
820,1512420000.png,0.5596124671797607
821,1512420300.png,0.5596124671797607
822,1512420600.png,0.5596124671797607
823,1512420900.png,0.5596124671797607
824,1512484200.png,0.5596124671797607
825,1512484500.png,0.5596124671797607
826,1512484800.png,0.5596124671797607
827,1512485100.png,0.5596124671797607
828,1512485400.png,0.5280778639727379
829,1512485700.png,0.5280778639727379
830,1512486000.png,0.5280778639727379
831,1512486300.png,0.5280778639727379
832,1512486600.png,0.5280778639727379
833,1512486900.png,0.5280778639727379
834,1512487200.png,0.5280778639727379
835,1512487500.png,0.5280778639727379
836,1512487800.png,0.5280778639727379
837,1512488100.png,0.5280778639727379
838,1512488400.png,0.5280778639727379
839,1512488700.png,0.5280778639727379
840,1512489000.png,0.5280778639727379
841,1512489300.png,0.5280778639727379
842,1512489600.png,0.5280778639727379
843,1512489900.png,0.5280778639727379
844,1512490200.png,0.5280778639727379
845,1512490500.png,0.5280778639727379
846,1512490800.png,0.5280778639727379
847,1512491100.png,0.5280778639727379
848,1512491400.png,0.540622660052933
849,1512491700.png,0.540622660052933
850,1512492000.png,0.540622660052933
851,1512492300.png,0.540622660052933
852,1512492600.png,0.540622660052933
853,1512492900.png,0.540622660052933
854,1512493200.png,0.540622660052933
855,1512493500.png,0.540622660052933
856,1512493800.png,0.5927283186148087
857,1512494100.png,0.6536102319676451
858,1512494400.png,0.5598602319676451
859,1512494700.png,0.5598602319676451
860,1512495000.png,0.5598602319676451
861,1512495300.png,0.5598602319676451
862,1512495600.png,0.5598602319676451
863,1512495900.png,0.5598602319676451
864,1512496200.png,0.5598602319676451
865,1512496500.png,0.5598602319676451
866,1512496800.png,0.5598602319676451
867,1512497100.png,0.5598602319676451
868,1512497400.png,0.5598602319676451
869,1512497700.png,0.5598602319676451
870,1512498000.png,0.5598602319676451
871,1512498300.png,0.5598602319676451
872,1512498600.png,0.5598602319676451
873,1512498900.png,0.5598602319676451
874,1512499200.png,0.5598602319676451
875,1512499500.png,0.5598602319676451
876,1512499800.png,0.5598602319676451
877,1512500100.png,0.5598602319676451
878,1512500400.png,0.5598602319676451
879,1512500700.png,0.5598602319676451
880,1512501000.png,0.5598602319676451
881,1512501300.png,0.5258402304029673
882,1512501600.png,0.5258402304029673
883,1512501900.png,0.5258402304029673
884,1512502200.png,0.5258402304029673
885,1512502500.png,0.5258402304029673
886,1512502800.png,0.5258402304029673
887,1512503100.png,0.5258402304029673
888,1512503400.png,0.5258402304029673
889,1512503700.png,0.5258402304029673
890,1512504000.png,0.5258402304029673
891,1512504300.png,0.5258402304029673
892,1512504600.png,0.5258402304029673
893,1512504900.png,0.540622660052933
894,1512505200.png,0.540622660052933
895,1512505500.png,0.540622660052933
896,1512505800.png,0.540622660052933
897,1512506100.png,0.540622660052933
898,1512506400.png,0.540622660052933
899,1512506700.png,0.540622660052933
900,1512507000.png,0.540622660052933
901,1512507300.png,0.540622660052933
902,1512570600.png,0.540622660052933
903,1512570900.png,0.540622660052933
904,1512571200.png,0.540622660052933
905,1512571500.png,0.540622660052933
906,1512571800.png,0.540622660052933
907,1512572100.png,0.540622660052933
908,1512572400.png,0.540622660052933
909,1512572700.png,0.540622660052933
910,1512573000.png,0.540622660052933
911,1512573300.png,0.540622660052933
912,1512573600.png,0.540622660052933
913,1512573900.png,0.540622660052933
914,1512574200.png,0.540622660052933
915,1512574500.png,0.540622660052933
916,1512574800.png,0.540622660052933
917,1512575100.png,0.540622660052933
918,1512575400.png,0.540622660052933
919,1512575700.png,0.540622660052933
920,1512576000.png,0.540622660052933
921,1512576300.png,0.540622660052933
922,1512576600.png,0.6661550280478401
923,1512576900.png,0.6661550280478401
924,1512577200.png,0.6661550280478401
925,1512577500.png,0.6661550280478401
926,1512577800.png,0.6661550280478401
927,1512578100.png,0.6661550280478401
928,1512578400.png,0.5724050280478401
929,1512578700.png,0.5724050280478401
930,1512579000.png,0.5724050280478401
931,1512579300.png,0.5598602319676451
932,1512579600.png,0.5598602319676451
933,1512579900.png,0.5598602319676451
934,1512580200.png,0.5598602319676451
935,1512580500.png,0.5598602319676451
936,1512580800.png,0.5598602319676451
937,1512581100.png,0.5598602319676451
938,1512581400.png,0.5598602319676451
939,1512581700.png,0.5598602319676451
940,1512582000.png,0.5598602319676451
941,1512582300.png,0.5598602319676451
942,1512582600.png,0.5598602319676451
943,1512582900.png,0.5598602319676451
944,1512583200.png,0.5598602319676451
945,1512583500.png,0.5598602319676451
946,1512583800.png,0.5598602319676451
947,1512584100.png,0.5598602319676451
948,1512584400.png,0.5598602319676451
949,1512584700.png,0.5598602319676451
950,1512585000.png,0.5598602319676451
951,1512585300.png,0.5598602319676451
952,1512585600.png,0.5598602319676451
953,1512585900.png,0.5598602319676451
954,1512586200.png,0.5598602319676451
955,1512586500.png,0.5598602319676451
956,1512586800.png,0.5598602319676451
957,1512587100.png,0.5598602319676451
958,1512587400.png,0.5598602319676451
959,1512587700.png,0.5598602319676451
960,1512588000.png,0.5598602319676451
961,1512588300.png,0.5598602319676451
962,1512588600.png,0.5598602319676451
963,1512588900.png,0.5598602319676451
964,1512589200.png,0.5598602319676451
965,1512589500.png,0.5598602319676451
966,1512589800.png,0.5598602319676451
967,1512590100.png,0.5598602319676451
968,1512590400.png,0.5598602319676451
969,1512590700.png,0.5598602319676451
970,1512591000.png,0.5598602319676451
971,1512591300.png,0.5598602319676451
972,1512591600.png,0.5598602319676451
973,1512591900.png,0.5598602319676451
974,1512592200.png,0.5132954343227722
975,1512592500.png,0.5132954343227722
976,1512592800.png,0.5132954343227722
977,1512593100.png,0.5132954343227722
978,1512593400.png,0.5132954343227722
979,1512593700.png,0.5132954343227722
980,1512657000.png,0.5132954343227722
981,1512657300.png,0.5132954343227722
982,1512657600.png,0.5132954343227722
983,1512657900.png,0.5132954343227722
984,1512658200.png,0.5132954343227722
985,1512658500.png,0.5132954343227722
986,1512658800.png,0.5132954343227722
987,1512659100.png,0.5132954343227722
988,1512659400.png,0.5132954343227722
989,1512659700.png,0.5132954343227722
990,1512660000.png,0.5132954343227722
991,1512660300.png,0.5132954343227722
992,1512660600.png,0.5132954343227722
993,1512660900.png,0.5132954343227722
994,1512661200.png,0.5132954343227722
995,1512661500.png,0.5132954343227722
996,1512661800.png,0.5132954343227722
997,1512662100.png,0.5132954343227722
998,1512662400.png,0.5132954343227722
999,1512662700.png,0.5132954343227722
1000,1512663000.png,0.5132954343227722
1001,1512663300.png,0.5132954343227722
1002,1512663600.png,0.5132954343227722
1003,1512663900.png,0.5132954343227722
1004,1512664200.png,0.5132954343227722
1005,1512664500.png,0.5132954343227722
1006,1512664800.png,0.5258402304029673
1007,1512665100.png,0.5258402304029673
1008,1512665400.png,0.5258402304029673
1009,1512665700.png,0.5258402304029673
1010,1512666000.png,0.5258402304029673
1011,1512666300.png,0.5258402304029673
1012,1512666600.png,0.5258402304029673
1013,1512666900.png,0.5258402304029673
1014,1512667200.png,0.5258402304029673
1015,1512667500.png,0.5258402304029673
1016,1512667800.png,0.5258402304029673
1017,1512668100.png,0.5258402304029673
1018,1512668400.png,0.5258402304029673
1019,1512668700.png,0.5258402304029673
1020,1512669000.png,0.5553493367215674
1021,1512669300.png,0.5553493367215674
1022,1512669600.png,0.567265655415473
1023,1512669900.png,0.567265655415473
1024,1512670200.png,0.567265655415473
1025,1512670500.png,0.567265655415473
1026,1512670800.png,0.567265655415473
1027,1512671100.png,0.567265655415473
1028,1512671400.png,0.567265655415473
1029,1512671700.png,0.567265655415473
1030,1512672000.png,0.567265655415473
1031,1512672300.png,0.567265655415473
1032,1512672600.png,0.567265655415473
1033,1512672900.png,0.567265655415473
1034,1512673200.png,0.567265655415473
1035,1512673500.png,0.567265655415473
1036,1512673800.png,0.567265655415473
1037,1512674100.png,0.567265655415473
1038,1512674400.png,0.567265655415473
1039,1512674700.png,0.567265655415473
1040,1512675000.png,0.567265655415473
1041,1512675300.png,0.567265655415473
1042,1512675600.png,0.567265655415473
1043,1512675900.png,0.567265655415473
1044,1512676200.png,0.567265655415473
1045,1512676500.png,0.567265655415473
1046,1512676800.png,0.567265655415473
1047,1512677100.png,0.567265655415473
1048,1512677400.png,0.567265655415473
1049,1512677700.png,0.567265655415473
1050,1512678000.png,0.567265655415473
1051,1512678300.png,0.567265655415473
1052,1512678600.png,0.567265655415473
1053,1512678900.png,0.567265655415473
1054,1512679200.png,0.567265655415473
1055,1512679500.png,0.567265655415473
1056,1512679800.png,0.567265655415473
1057,1512680100.png,0.567265655415473
1058,1512743400.png,0.5720794335692878
1059,1512743700.png,0.5720794335692878
1060,1512744000.png,0.5720794335692878
1061,1512744300.png,0.5720794335692878
1062,1512744600.png,0.5720794335692878
1063,1512744900.png,0.5720794335692878
1064,1512745200.png,0.5720794335692878
1065,1512745500.png,0.5720794335692878
1066,1512745800.png,0.5720794335692878
1067,1512746100.png,0.5720794335692878
1068,1512746400.png,0.5720794335692878
1069,1512746700.png,0.5720794335692878
1070,1512747000.png,0.5720794335692878
1071,1512747300.png,0.5720794335692878
1072,1512747600.png,0.5720794335692878
1073,1512747900.png,0.5720794335692878
1074,1512748200.png,0.5720794335692878
1075,1512748500.png,0.5720794335692878
1076,1512748800.png,0.5720794335692878
1077,1512749100.png,0.5720794335692878
1078,1512749400.png,0.5720794335692878
1079,1512749700.png,0.5720794335692878
1080,1512750000.png,0.5720794335692878
1081,1512750300.png,0.5720794335692878
1082,1512750600.png,0.5720794335692878
1083,1512750900.png,0.5720794335692878
1084,1512751200.png,0.5720794335692878
1085,1512751500.png,0.5720794335692878
1086,1512751800.png,0.5720794335692878
1087,1512752100.png,0.5720794335692878
1088,1512752400.png,0.5720794335692878
1089,1512752700.png,0.5720794335692878
1090,1512753000.png,0.5720794335692878
1091,1512753300.png,0.5720794335692878
1092,1512753600.png,0.5720794335692878
1093,1512753900.png,0.567265655415473
1094,1512754200.png,0.567265655415473
1095,1512754500.png,0.567265655415473
1096,1512754800.png,0.567265655415473
1097,1512755100.png,0.567265655415473
1098,1512755400.png,0.567265655415473
1099,1512755700.png,0.567265655415473
1100,1512756000.png,0.567265655415473
1101,1512756300.png,0.567265655415473
1102,1512756600.png,0.567265655415473
1103,1512756900.png,0.567265655415473
1104,1512757200.png,0.567265655415473
1105,1512757500.png,0.567265655415473
1106,1512757800.png,0.567265655415473
1107,1512758100.png,0.567265655415473
1108,1512758400.png,0.567265655415473
1109,1512758700.png,0.567265655415473
1110,1512759000.png,0.5986244008367184
1111,1512759300.png,0.5596124671797607
1112,1512759600.png,0.5596124671797607
1113,1512759900.png,0.5596124671797607
1114,1512760200.png,0.5596124671797607
1115,1512760500.png,0.5596124671797607
1116,1512760800.png,0.5596124671797607
1117,1512761100.png,0.5596124671797607
1118,1512761400.png,0.5596124671797607
1119,1512761700.png,0.5596124671797607
1120,1512762000.png,0.5596124671797607
1121,1512762300.png,0.5596124671797607
1122,1512762600.png,0.5596124671797607
1123,1512762900.png,0.5596124671797607
1124,1512763200.png,0.5596124671797607
1125,1512763500.png,0.5596124671797607
1126,1512763800.png,0.5596124671797607
1127,1512764100.png,0.5596124671797607
1128,1512764400.png,0.5596124671797607
1129,1512764700.png,0.5596124671797607
1130,1512765000.png,0.5596124671797607
1131,1512765300.png,0.5596124671797607
1132,1512765600.png,0.5596124671797607
1133,1512765900.png,0.5596124671797607
1134,1512766200.png,0.5596124671797607
1135,1512766500.png,0.5596124671797607
1136,1513002600.png,0.4620857130153868
1137,1513002900.png,0.4620857130153868
1138,1513003200.png,0.4620857130153868
1139,1513003500.png,0.4620857130153868
1140,1513003800.png,0.4620857130153868
1141,1513004100.png,0.5319949078707185
1142,1513004400.png,0.5319949078707185
1143,1513004700.png,0.5319949078707185
1144,1513005000.png,0.5319949078707185
1145,1513005300.png,0.5319949078707185
1146,1513005600.png,0.5319949078707185
1147,1513005900.png,0.5319949078707185
1148,1513006200.png,0.5319949078707185
1149,1513006500.png,0.5193393510228943
1150,1513006800.png,0.5193393510228943
1151,1513007100.png,0.5193393510228943
1152,1513007400.png,0.5193393510228943
1153,1513007700.png,0.5193393510228943
1154,1513008000.png,0.5193393510228943
1155,1513008300.png,0.5193393510228943
1156,1513008600.png,0.5193393510228943
1157,1513008900.png,0.5193393510228943
1158,1513009200.png,0.5193393510228943
1159,1513009500.png,0.5193393510228943
1160,1513009800.png,0.5193393510228943
1161,1513010100.png,0.5193393510228943
1162,1513010400.png,0.5193393510228943
1163,1513010700.png,0.5193393510228943
1164,1513011000.png,0.5193393510228943
1165,1513011300.png,0.5193393510228943
1166,1513011600.png,0.5193393510228943
1167,1513011900.png,0.5193393510228943
1168,1513012200.png,0.5193393510228943
1169,1513012500.png,0.5193393510228943
1170,1513012800.png,0.5193393510228943
1171,1513013100.png,0.5193393510228943
1172,1513013400.png,0.5193393510228943
1173,1513013700.png,0.5193393510228943
1174,1513014000.png,0.5193393510228943
1175,1513014300.png,0.5193393510228943
1176,1513014600.png,0.5193393510228943
1177,1513014900.png,0.5193393510228943
1178,1513015200.png,0.567265655415473
1179,1513015500.png,0.567265655415473
1180,1513015800.png,0.567265655415473
1181,1513016100.png,0.567265655415473
1182,1513016400.png,0.567265655415473
1183,1513016700.png,0.567265655415473
1184,1513017000.png,0.567265655415473
1185,1513017300.png,0.567265655415473
1186,1513017600.png,0.567265655415473
1187,1513017900.png,0.567265655415473
1188,1513018200.png,0.567265655415473
1189,1513018500.png,0.567265655415473
1190,1513018800.png,0.567265655415473
1191,1513019100.png,0.567265655415473
1192,1513019400.png,0.567265655415473
1193,1513019700.png,0.5986244008367184
1194,1513020000.png,0.5986244008367184
1195,1513020300.png,0.5986244008367184
1196,1513020600.png,0.5986244008367184
1197,1513020900.png,0.5986244008367184
1198,1513021200.png,0.5986244008367184
1199,1513021500.png,0.5986244008367184
1200,1513021800.png,0.5986244008367184
1201,1513022100.png,0.5986244008367184
1202,1513022400.png,0.5986244008367184
1203,1513022700.png,0.5986244008367184
1204,1513023000.png,0.5596124671797607
1205,1513023300.png,0.5596124671797607
1206,1513023600.png,0.5596124671797607
1207,1513023900.png,0.5596124671797607
1208,1513024200.png,0.5596124671797607
1209,1513024500.png,0.5596124671797607
1210,1513024800.png,0.5596124671797607
1211,1513025100.png,0.5596124671797607
1212,1513025400.png,0.5596124671797607
1213,1513025700.png,0.5596124671797607
1214,1513089000.png,0.5073736957495064
1215,1513089300.png,0.5073736957495064
1216,1513089600.png,0.5073736957495064
1217,1513089900.png,0.5073736957495064
1218,1513090200.png,0.5319949078707185
1219,1513090500.png,0.5319949078707185
1220,1513090800.png,0.5319949078707185
1221,1513091100.png,0.5319949078707185
1222,1513091400.png,0.5319949078707185
1223,1513091700.png,0.5319949078707185
1224,1513092000.png,0.5319949078707185
1225,1513092300.png,0.5319949078707185
1226,1513092600.png,0.5319949078707185
1227,1513092900.png,0.5319949078707185
1228,1513093200.png,0.5319949078707185
1229,1513093500.png,0.5319949078707185
1230,1513093800.png,0.5319949078707185
1231,1513094100.png,0.5319949078707185
1232,1513094400.png,0.5319949078707185
1233,1513094700.png,0.5319949078707185
1234,1513095000.png,0.5319949078707185
1235,1513095300.png,0.5319949078707185
1236,1513095600.png,0.5319949078707185
1237,1513095900.png,0.5994708694091802
1238,1513096200.png,0.5553493367215674
1239,1513096500.png,0.5553493367215674
1240,1513096800.png,0.5553493367215674
1241,1513097100.png,0.5553493367215674
1242,1513097400.png,0.5553493367215674
1243,1513097700.png,0.5553493367215674
1244,1513098000.png,0.5553493367215674
1245,1513098300.png,0.5553493367215674
1246,1513098600.png,0.5553493367215674
1247,1513098900.png,0.5553493367215674
1248,1513099200.png,0.5553493367215674
1249,1513099500.png,0.5553493367215674
1250,1513099800.png,0.5553493367215674
1251,1513100100.png,0.5553493367215674
1252,1513100400.png,0.5553493367215674
1253,1513100700.png,0.5553493367215674
1254,1513101000.png,0.5553493367215674
1255,1513101300.png,0.5553493367215674
1256,1513101600.png,0.5469569103319363
1257,1513101900.png,0.5469569103319363
1258,1513102200.png,0.5469569103319363
1259,1513102500.png,0.5469569103319363
1260,1513102800.png,0.5469569103319363
1261,1513103100.png,0.5469569103319363
1262,1513103400.png,0.5469569103319363
1263,1513103700.png,0.5469569103319363
1264,1513104000.png,0.5712388680329508
1265,1513104300.png,0.5469569103319363
1266,1513104600.png,0.5712388680329508
1267,1513104900.png,0.5712388680329508
1268,1513105200.png,0.5712388680329508
1269,1513105500.png,0.5712388680329508
1270,1513105800.png,0.5712388680329508
1271,1513106100.png,0.5712388680329508
1272,1513106400.png,0.5712388680329508
1273,1513106700.png,0.5712388680329508
1274,1513107000.png,0.5712388680329508
1275,1513107300.png,0.5712388680329508
1276,1513107600.png,0.5712388680329508
1277,1513107900.png,0.5712388680329508
1278,1513108200.png,0.34893857594222216
1279,1513108500.png,0.34893857594222216
1280,1513108800.png,0.34893857594222216
1281,1513109100.png,0.34893857594222216
1282,1513109400.png,0.34893857594222216
1283,1513109700.png,0.34893857594222216
1284,1513110000.png,0.34893857594222216
1285,1513110300.png,0.34893857594222216
1286,1513110600.png,0.34893857594222216
1287,1513110900.png,0.34893857594222216
1288,1513111200.png,0.34893857594222216
1289,1513111500.png,0.34893857594222216
1290,1513111800.png,0.34893857594222216
1291,1513112100.png,0.34893857594222216
1292,1513175400.png,0.34893857594222216
1293,1513175700.png,0.34893857594222216
1294,1513176000.png,0.5792826096625293
1295,1513176300.png,0.5681121239879346
1296,1513176600.png,0.5681121239879346
1297,1513176900.png,0.5681121239879346
1298,1513177200.png,0.5681121239879346
1299,1513177500.png,0.5681121239879346
1300,1513177800.png,0.5681121239879346
1301,1513178100.png,0.5681121239879346
1302,1513178400.png,0.5681121239879346
1303,1513178700.png,0.5681121239879346
1304,1513179000.png,0.5681121239879346
1305,1513179300.png,0.5681121239879346
1306,1513179600.png,0.5681121239879346
1307,1513179900.png,0.5681121239879346
1308,1513180200.png,0.5681121239879346
1309,1513180500.png,0.5681121239879346
1310,1513180800.png,0.5681121239879346
1311,1513181100.png,0.5681121239879346
1312,1513181400.png,0.5681121239879346
1313,1513181700.png,0.5681121239879346
1314,1513182000.png,0.5681121239879346
1315,1513182300.png,0.5681121239879346
1316,1513182600.png,0.5681121239879346
1317,1513182900.png,0.5681121239879346
1318,1513183200.png,0.5681121239879346
1319,1513183500.png,0.5681121239879346
1320,1513183800.png,0.5681121239879346
1321,1513184100.png,0.5681121239879346
1322,1513184400.png,0.5681121239879346
1323,1513184700.png,0.5681121239879346
1324,1513185000.png,0.5681121239879346
1325,1513185300.png,0.5681121239879346
1326,1513185600.png,0.5681121239879346
1327,1513185900.png,0.5681121239879346
1328,1513186200.png,0.5681121239879346
1329,1513186500.png,0.5681121239879346
1330,1513186800.png,0.5681121239879346
1331,1513187100.png,0.5681121239879346
1332,1513187400.png,0.5681121239879346
1333,1513187700.png,0.4989421672865214
1334,1513188000.png,0.4989421672865214
1335,1513188300.png,0.4989421672865214
1336,1513188600.png,0.4989421672865214
1337,1513188900.png,0.4989421672865214
1338,1513189200.png,0.4989421672865214
1339,1513189500.png,0.5796572210499623
1340,1513189800.png,0.5378571846500237
1341,1513190100.png,0.5378571846500237
1342,1513190400.png,0.5378571846500237
1343,1513190700.png,0.5378571846500237
1344,1513191000.png,0.5378571846500237
1345,1513191300.png,0.5378571846500237
1346,1513191600.png,0.5378571846500237
1347,1513191900.png,0.5378571846500237
1348,1513192200.png,0.5378571846500237
1349,1513192500.png,0.5378571846500237
1350,1513192800.png,0.5378571846500237
1351,1513193100.png,0.5378571846500237
1352,1513193400.png,0.5378571846500237
1353,1513193700.png,0.5378571846500237
1354,1513194000.png,0.5378571846500237
1355,1513194300.png,0.5378571846500237
1356,1513194600.png,0.5378571846500237
1357,1513194900.png,0.5266866989754289
1358,1513195200.png,0.5266866989754289
1359,1513195500.png,0.5266866989754289
1360,1513195800.png,0.5266866989754289
1361,1513196100.png,0.5266866989754289
1362,1513196400.png,0.5266866989754289
1363,1513196700.png,0.5378571846500237
1364,1513197000.png,0.5378571846500237
1365,1513197300.png,0.5378571846500237
1366,1513197600.png,0.5378571846500237
1367,1513197900.png,0.5378571846500237
1368,1513198200.png,0.5378571846500237
1369,1513198500.png,0.5378571846500237
1370,1513261800.png,0.5378571846500237
1371,1513262100.png,0.5378571846500237
1372,1513262400.png,0.5378571846500237
1373,1513262700.png,0.5378571846500237
1374,1513263000.png,0.5378571846500237
1375,1513263300.png,0.5378571846500237
1376,1513263600.png,0.5378571846500237
1377,1513263900.png,0.5378571846500237
1378,1513264200.png,0.5378571846500237
1379,1513264500.png,0.5378571846500237
1380,1513264800.png,0.5378571846500237
1381,1513265100.png,0.5378571846500237
1382,1513265400.png,0.5378571846500237
1383,1513265700.png,0.5378571846500237
1384,1513266000.png,0.5378571846500237
1385,1513266900.png,0.5378571846500237
1386,1513267200.png,0.5378571846500237
1387,1513267500.png,0.5378571846500237
1388,1513267800.png,0.5378571846500237
1389,1513268100.png,0.5378571846500237
1390,1513268400.png,0.5378571846500237
1391,1513268700.png,0.5378571846500237
1392,1513269000.png,0.5378571846500237
1393,1513269300.png,0.5378571846500237
1394,1513269600.png,0.5378571846500237
1395,1513269900.png,0.5378571846500237
1396,1513270200.png,0.5378571846500237
1397,1513270500.png,0.5378571846500237
1398,1513270800.png,0.5378571846500237
1399,1513271100.png,0.5378571846500237
1400,1513271400.png,0.5378571846500237
1401,1513271700.png,0.5378571846500237
1402,1513272000.png,0.5378571846500237
1403,1513272300.png,0.5378571846500237
1404,1513272600.png,0.5378571846500237
1405,1513272900.png,0.5378571846500237
1406,1513273200.png,0.5378571846500237
1407,1513273500.png,0.5378571846500237
1408,1513273800.png,0.5378571846500237
1409,1513274100.png,0.540622660052933
1410,1513274400.png,0.540622660052933
1411,1513274700.png,0.540622660052933
1412,1513275000.png,0.540622660052933
1413,1513275300.png,0.540622660052933
1414,1513275600.png,0.540622660052933
1415,1513275900.png,0.540622660052933
1416,1513276200.png,0.540622660052933
1417,1513276500.png,0.540622660052933
1418,1513276800.png,0.6661550280478401
1419,1513277100.png,0.6661550280478401
1420,1513277400.png,0.6189584665903086
1421,1513277700.png,0.6661550280478401
1422,1513278000.png,0.6661550280478401
1423,1513278300.png,0.6661550280478401
1424,1513278600.png,0.6661550280478401
1425,1513278900.png,0.6661550280478401
1426,1513279200.png,0.6189584665903086
1427,1513279500.png,0.540622660052933
1428,1513279800.png,0.540622660052933
1429,1513280100.png,0.540622660052933
1430,1513280400.png,0.540622660052933
1431,1513280700.png,0.540622660052933
1432,1513281000.png,0.540622660052933
1433,1513281300.png,0.540622660052933
1434,1513281600.png,0.6189584665903086
1435,1513281900.png,0.6189584665903086
1436,1513282200.png,0.6661550280478401
1437,1513282500.png,0.6661550280478401
1438,1513282800.png,0.6661550280478401
1439,1513283100.png,0.6661550280478401
1440,1513283400.png,0.6661550280478401
1441,1513283700.png,0.6661550280478401
1442,1513284000.png,0.6661550280478401
1443,1513284300.png,0.6661550280478401
1444,1513284600.png,0.6661550280478401
1445,1513284900.png,0.6661550280478401
1446,1513348200.png,0.6661550280478401
1447,1513348500.png,0.6661550280478401
1448,1513348800.png,0.6661550280478401
1449,1513349100.png,0.6661550280478401
1450,1513349400.png,0.6661550280478401
1451,1513349700.png,0.6661550280478401
1452,1513350000.png,0.6661550280478401
1453,1513350300.png,0.6189584665903086
1454,1513350600.png,0.6189584665903086
1455,1513350900.png,0.540622660052933
1456,1513351200.png,0.540622660052933
1457,1513351500.png,0.540622660052933
1458,1513351800.png,0.540622660052933
1459,1513352100.png,0.540622660052933
1460,1513352400.png,0.540622660052933
1461,1513352700.png,0.540622660052933
1462,1513353000.png,0.540622660052933
1463,1513353300.png,0.540622660052933
1464,1513353600.png,0.540622660052933
1465,1513353900.png,0.540622660052933
1466,1513354200.png,0.540622660052933
1467,1513354500.png,0.540622660052933
1468,1513354800.png,0.540622660052933
1469,1513355100.png,0.540622660052933
1470,1513355400.png,0.540622660052933
1471,1513355700.png,0.540622660052933
1472,1513356000.png,0.540622660052933
1473,1513356300.png,0.540622660052933
1474,1513356600.png,0.540622660052933
1475,1513356900.png,0.540622660052933
1476,1513357200.png,0.540622660052933
1477,1513357500.png,0.540622660052933
1478,1513357800.png,0.540622660052933
1479,1513358100.png,0.540622660052933
1480,1513358400.png,0.540622660052933
1481,1513358700.png,0.540622660052933
1482,1513359000.png,0.540622660052933
1483,1513359300.png,0.5258402304029673
1484,1513359600.png,0.5258402304029673
1485,1513359900.png,0.5258402304029673
1486,1513360200.png,0.5258402304029673
1487,1513360500.png,0.5258402304029673
1488,1513360800.png,0.5258402304029673
1489,1513361100.png,0.5258402304029673
1490,1513361400.png,0.5258402304029673
1491,1513361700.png,0.5258402304029673
1492,1513362000.png,0.5258402304029673
1493,1513362300.png,0.5258402304029673
1494,1513362600.png,0.5258402304029673
1495,1513362900.png,0.5258402304029673
1496,1513363200.png,0.5258402304029673
1497,1513363500.png,0.5258402304029673
1498,1513363800.png,0.5258402304029673
1499,1513364100.png,0.5258402304029673
1500,1513364400.png,0.5258402304029673
1501,1513364700.png,0.5258402304029673
1502,1513365000.png,0.5258402304029673
1503,1513365300.png,0.5258402304029673
1504,1513365600.png,0.5258402304029673
1505,1513365900.png,0.5258402304029673
1506,1513366200.png,0.48545758301698294
1507,1513366500.png,0.48545758301698294
1508,1513366800.png,0.48545758301698294
1509,1513367100.png,0.48545758301698294
1510,1513367400.png,0.48545758301698294
1511,1513367700.png,0.48545758301698294
1512,1513368000.png,0.48545758301698294
1513,1513368300.png,0.48545758301698294
1514,1513368600.png,0.48545758301698294
1515,1513368900.png,0.48545758301698294
